num_qubits,method,shots,exact,mean,std,deviation,repeats,num_terms,hamiltonian_file,runtime_seconds
8,ShadowGrouping,12,0.0,-0.24215166666666676,2.402934962787527,2.4151053527861137,20,56,/Users/bujiaowu/Documents/program/symmetry_state_photons/new_datas_afterJun18/Hamiltonian/H_8.txt,0.07601380348205566
8,ShadowGrouping,45,0.0,0.24247425462842703,1.3446114702031393,1.3662992973574493,20,56,/Users/bujiaowu/Documents/program/symmetry_state_photons/new_datas_afterJun18/Hamiltonian/H_8.txt,0.23966407775878906
8,ShadowGrouping,160,0.0,0.14306891236614389,0.6672754814755613,0.682440680106391,20,56,/Users/bujiaowu/Documents/program/symmetry_state_photons/new_datas_afterJun18/Hamiltonian/H_8.txt,0.45790624618530273
8,ShadowGrouping,572,0.0,-0.0629040188695296,0.2832980402467091,0.2901976829638103,20,56,/Users/bujiaowu/Documents/program/symmetry_state_photons/new_datas_afterJun18/Hamiltonian/H_8.txt,0.7119607925415039
8,ShadowGrouping,2038,0.0,0.056829167674993505,0.20585825321004836,0.21355836371663112,20,56,/Users/bujiaowu/Documents/program/symmetry_state_photons/new_datas_afterJun18/Hamiltonian/H_8.txt,1.1285462379455566
8,ShadowGrouping,7259,0.0,0.0446098360221275,0.09106720608070763,0.10140647658442324,20,56,/Users/bujiaowu/Documents/program/symmetry_state_photons/new_datas_afterJun18/Hamiltonian/H_8.txt,2.2906670570373535
8,Derandomization,12,0.0,0.4177184466666666,2.748722704293075,2.7802814975793098,20,56,/Users/bujiaowu/Documents/program/symmetry_state_photons/new_datas_afterJun18/Hamiltonian/H_8.txt,0.10760092735290527
8,Derandomization,45,0.0,0.31846069413797806,0.9947479912714391,1.0444811055492607,20,56,/Users/bujiaowu/Documents/program/symmetry_state_photons/new_datas_afterJun18/Hamiltonian/H_8.txt,0.33904099464416504
8,Derandomization,160,0.0,-0.029067199857634875,0.555022366774358,0.5557829879794575,20,56,/Users/bujiaowu/Documents/program/symmetry_state_photons/new_datas_afterJun18/Hamiltonian/H_8.txt,0.8757359981536865
8,Derandomization,572,0.0,-0.09525619258852414,0.3080697966384265,0.322460450020314,20,56,/Users/bujiaowu/Documents/program/symmetry_state_photons/new_datas_afterJun18/Hamiltonian/H_8.txt,2.2075889110565186
8,Derandomization,2038,0.0,-0.041956867465993156,0.14758496631987542,0.15343305058297468,20,56,/Users/bujiaowu/Documents/program/symmetry_state_photons/new_datas_afterJun18/Hamiltonian/H_8.txt,6.47025203704834
8,Derandomization,7259,0.0,-0.0038351338681252107,0.128772909924503,0.1288300065287998,20,56,/Users/bujiaowu/Documents/program/symmetry_state_photons/new_datas_afterJun18/Hamiltonian/H_8.txt,20.891659021377563
8,AdaptivePaulis,12,0.0,-1.1302953670238094,2.6556530961980207,2.886184502775528,20,56,/Users/bujiaowu/Documents/program/symmetry_state_photons/new_datas_afterJun18/Hamiltonian/H_8.txt,0.21790218353271484
8,AdaptivePaulis,45,0.0,0.310513673509201,1.0464920261603947,1.0915879727504636,20,56,/Users/bujiaowu/Documents/program/symmetry_state_photons/new_datas_afterJun18/Hamiltonian/H_8.txt,0.7438960075378418
8,AdaptivePaulis,160,0.0,-0.1257760488802107,0.7749472642275507,0.7850878147097192,20,56,/Users/bujiaowu/Documents/program/symmetry_state_photons/new_datas_afterJun18/Hamiltonian/H_8.txt,2.4200220108032227
8,AdaptivePaulis,572,0.0,0.015971675522415473,0.4094393620599525,0.4097507603690983,20,56,/Users/bujiaowu/Documents/program/symmetry_state_photons/new_datas_afterJun18/Hamiltonian/H_8.txt,7.508828163146973
8,AdaptivePaulis,2038,0.0,-0.01485346166159065,0.1491467713336364,0.1498845713293412,20,56,/Users/bujiaowu/Documents/program/symmetry_state_photons/new_datas_afterJun18/Hamiltonian/H_8.txt,23.861738920211792
8,AdaptivePaulis,7259,0.0,-0.018816339505322254,0.12290989761897576,0.12434185765496128,20,56,/Users/bujiaowu/Documents/program/symmetry_state_photons/new_datas_afterJun18/Hamiltonian/H_8.txt,84.9895567893982
12,ShadowGrouping,12,0.0,-2.2635896400000006,3.2367948794901626,3.9497695059596922,20,132,/Users/bujiaowu/Documents/program/symmetry_state_photons/new_datas_afterJun18/Hamiltonian/H_12.txt,0.18937993049621582
12,ShadowGrouping,45,0.0,-0.2428918496090021,1.4929619436596027,1.5125910933964735,20,132,/Users/bujiaowu/Documents/program/symmetry_state_photons/new_datas_afterJun18/Hamiltonian/H_12.txt,0.7064292430877686
12,ShadowGrouping,160,0.0,0.010082060120032755,1.072365102922277,1.0724124961514432,20,132,/Users/bujiaowu/Documents/program/symmetry_state_photons/new_datas_afterJun18/Hamiltonian/H_12.txt,2.325916290283203
12,ShadowGrouping,572,0.0,-0.16799138387143797,0.4778953281356374,0.5065619899961991,20,132,/Users/bujiaowu/Documents/program/symmetry_state_photons/new_datas_afterJun18/Hamiltonian/H_12.txt,6.704304933547974
12,ShadowGrouping,2038,0.0,0.008985938899555788,0.2260816775133794,0.22626018652244198,20,132,/Users/bujiaowu/Documents/program/symmetry_state_photons/new_datas_afterJun18/Hamiltonian/H_12.txt,13.080380916595459
12,ShadowGrouping,7259,0.0,0.025925237573195925,0.15289991864172886,0.15508224612725324,20,132,/Users/bujiaowu/Documents/program/symmetry_state_photons/new_datas_afterJun18/Hamiltonian/H_12.txt,20.38860297203064
12,Derandomization,12,0.0,-0.3928223499999999,2.7238794824603145,2.7520590171047923,20,132,/Users/bujiaowu/Documents/program/symmetry_state_photons/new_datas_afterJun18/Hamiltonian/H_12.txt,0.298264741897583
12,Derandomization,45,0.0,-0.02855054857143679,1.5794167325418194,1.5796747604671055,20,132,/Users/bujiaowu/Documents/program/symmetry_state_photons/new_datas_afterJun18/Hamiltonian/H_12.txt,1.0841670036315918
12,Derandomization,160,0.0,0.11277036359040873,0.7795867126631737,0.787700829925478,20,132,/Users/bujiaowu/Documents/program/symmetry_state_photons/new_datas_afterJun18/Hamiltonian/H_12.txt,3.706434726715088
12,Derandomization,572,0.0,0.0029825478201930015,0.42828095597786925,0.4282913410808317,20,132,/Users/bujiaowu/Documents/program/symmetry_state_photons/new_datas_afterJun18/Hamiltonian/H_12.txt,10.424336910247803
12,Derandomization,2038,0.0,0.007511639000566952,0.3196743889381093,0.31976263018593715,20,132,/Users/bujiaowu/Documents/program/symmetry_state_photons/new_datas_afterJun18/Hamiltonian/H_12.txt,28.784888982772827
12,Derandomization,7259,0.0,0.008598674177357466,0.20571923411076573,0.20589885983348327,20,132,/Users/bujiaowu/Documents/program/symmetry_state_photons/new_datas_afterJun18/Hamiltonian/H_12.txt,79.63700985908508
12,AdaptivePaulis,12,0.0,0.6646772265476188,5.260684951227971,5.302509026071287,20,132,/Users/bujiaowu/Documents/program/symmetry_state_photons/new_datas_afterJun18/Hamiltonian/H_12.txt,0.585097074508667
12,AdaptivePaulis,45,0.0,-0.006925170003551656,1.6186308235406979,1.6186456378391214,20,132,/Users/bujiaowu/Documents/program/symmetry_state_photons/new_datas_afterJun18/Hamiltonian/H_12.txt,2.1452999114990234
12,AdaptivePaulis,160,0.0,0.10978869528277971,1.2989076047141184,1.3035392296344837,20,132,/Users/bujiaowu/Documents/program/symmetry_state_photons/new_datas_afterJun18/Hamiltonian/H_12.txt,7.185003042221069
12,AdaptivePaulis,572,0.0,-0.043294670252696545,0.5373496223094671,0.5390909432261097,20,132,/Users/bujiaowu/Documents/program/symmetry_state_photons/new_datas_afterJun18/Hamiltonian/H_12.txt,23.783699989318848
12,AdaptivePaulis,2038,0.0,-0.14664671205501184,0.32683532087896455,0.3582270022354558,20,132,/Users/bujiaowu/Documents/program/symmetry_state_photons/new_datas_afterJun18/Hamiltonian/H_12.txt,78.03782606124878
12,AdaptivePaulis,7259,0.0,-0.01675083706825225,0.16845899424241864,0.16928976130780732,20,132,/Users/bujiaowu/Documents/program/symmetry_state_photons/new_datas_afterJun18/Hamiltonian/H_12.txt,243.38113522529602
14,ShadowGrouping,12,0.0,0.47901879666666664,4.138201046389082,4.165833278936602,20,182,/Users/bujiaowu/Documents/program/symmetry_state_photons/new_datas_afterJun18/Hamiltonian/H_14.txt,0.29937005043029785
14,ShadowGrouping,45,0.0,0.9277193176716342,1.545725274570812,1.8027561556761176,20,182,/Users/bujiaowu/Documents/program/symmetry_state_photons/new_datas_afterJun18/Hamiltonian/H_14.txt,1.110382080078125
14,ShadowGrouping,160,0.0,-0.20095475061865886,1.0493391540616963,1.0684079146295782,20,182,/Users/bujiaowu/Documents/program/symmetry_state_photons/new_datas_afterJun18/Hamiltonian/H_14.txt,3.9307141304016113
14,ShadowGrouping,572,0.0,0.026445601411964254,0.4285074564688795,0.4293227341796252,20,182,/Users/bujiaowu/Documents/program/symmetry_state_photons/new_datas_afterJun18/Hamiltonian/H_14.txt,13.089354038238525
14,ShadowGrouping,2038,0.0,-0.09748643107160855,0.292081251713104,0.30792054469517477,20,182,/Users/bujiaowu/Documents/program/symmetry_state_photons/new_datas_afterJun18/Hamiltonian/H_14.txt,35.275269746780396
14,ShadowGrouping,7259,0.0,-0.002628779914598316,0.1723820336608283,0.17240207659098059,20,182,/Users/bujiaowu/Documents/program/symmetry_state_photons/new_datas_afterJun18/Hamiltonian/H_14.txt,79.4232120513916
14,Derandomization,12,0.0,0.04481611333333322,4.194268694055563,4.1945081191897655,20,182,/Users/bujiaowu/Documents/program/symmetry_state_photons/new_datas_afterJun18/Hamiltonian/H_14.txt,0.47884488105773926
14,Derandomization,45,0.0,-1.0265040373039986,1.8975195348676637,2.1573805699982107,20,182,/Users/bujiaowu/Documents/program/symmetry_state_photons/new_datas_afterJun18/Hamiltonian/H_14.txt,1.7667348384857178
14,Derandomization,160,0.0,0.04329928617935081,1.1915506851801116,1.1923371434023329,20,182,/Users/bujiaowu/Documents/program/symmetry_state_photons/new_datas_afterJun18/Hamiltonian/H_14.txt,6.10126805305481
14,Derandomization,572,0.0,0.07824993579006437,0.6228193821104643,0.6277157280040144,20,182,/Users/bujiaowu/Documents/program/symmetry_state_photons/new_datas_afterJun18/Hamiltonian/H_14.txt,18.87954306602478
14,Derandomization,2038,0.0,-0.0006450628823915755,0.28436921915348085,0.2843699507825724,20,182,/Users/bujiaowu/Documents/program/symmetry_state_photons/new_datas_afterJun18/Hamiltonian/H_14.txt,54.42427611351013
14,Derandomization,7259,0.0,0.0032468107653395827,0.1619927388544367,0.16202527340420583,20,182,/Users/bujiaowu/Documents/program/symmetry_state_photons/new_datas_afterJun18/Hamiltonian/H_14.txt,143.59483408927917
14,AdaptivePaulis,12,0.0,0.35654417626984114,4.276220305147505,4.291058592910118,20,182,/Users/bujiaowu/Documents/program/symmetry_state_photons/new_datas_afterJun18/Hamiltonian/H_14.txt,1.0303142070770264
14,AdaptivePaulis,45,0.0,0.23954213538312205,2.058977077362832,2.0728644528114946,20,182,/Users/bujiaowu/Documents/program/symmetry_state_photons/new_datas_afterJun18/Hamiltonian/H_14.txt,3.808032989501953
14,AdaptivePaulis,160,0.0,-0.05113481525458878,0.878680199608445,0.8801668378864643,20,182,/Users/bujiaowu/Documents/program/symmetry_state_photons/new_datas_afterJun18/Hamiltonian/H_14.txt,13.020153045654297
14,AdaptivePaulis,572,0.0,0.24868237553151026,0.7477988997745852,0.7880647932778595,20,182,/Users/bujiaowu/Documents/program/symmetry_state_photons/new_datas_afterJun18/Hamiltonian/H_14.txt,42.805545806884766
14,AdaptivePaulis,2038,0.0,-0.06293214374871343,0.25973708405050017,0.26725232935910087,20,182,/Users/bujiaowu/Documents/program/symmetry_state_photons/new_datas_afterJun18/Hamiltonian/H_14.txt,130.73304104804993
14,AdaptivePaulis,7259,0.0,-0.02905067946882677,0.15971001625310008,0.16233062332525555,20,182,/Users/bujiaowu/Documents/program/symmetry_state_photons/new_datas_afterJun18/Hamiltonian/H_14.txt,409.95227789878845
