num_qubits,seed,variant,shots,exact,mean,std,deviation,repeats,num_terms,num_settings,hamiltonian_file,probability_file
8,20260508,H,12,0.0,0.2905838130555557,2.8433631739287106,2.8581730338214055,20,56,10,/Users/bujiaowu/Documents/program/symmetry_state_photons/new_datas_afterJun18/Hamiltonian/H_8.txt,/Users/bujiaowu/Documents/program/symmetry_state_photons/new_datas_afterJun18/OGM_probabilities/OGM_H_8.txt
8,20260508,H,45,0.0,0.14114208110255633,1.2760643997680563,1.283846345717964,20,56,10,/Users/bujiaowu/Documents/program/symmetry_state_photons/new_datas_afterJun18/Hamiltonian/H_8.txt,/Users/bujiaowu/Documents/program/symmetry_state_photons/new_datas_afterJun18/OGM_probabilities/OGM_H_8.txt
8,20260508,H,160,0.0,-0.003965617697715718,0.731347225132464,0.7313579765290589,20,56,10,/Users/bujiaowu/Documents/program/symmetry_state_photons/new_datas_afterJun18/Hamiltonian/H_8.txt,/Users/bujiaowu/Documents/program/symmetry_state_photons/new_datas_afterJun18/OGM_probabilities/OGM_H_8.txt
8,20260508,H,572,0.0,0.10702286337654199,0.41588855440739,0.4294382178758459,20,56,10,/Users/bujiaowu/Documents/program/symmetry_state_photons/new_datas_afterJun18/Hamiltonian/H_8.txt,/Users/bujiaowu/Documents/program/symmetry_state_photons/new_datas_afterJun18/OGM_probabilities/OGM_H_8.txt
8,20260508,H,2038,0.0,-0.03453485596014579,0.18545333024978783,0.18864144289345564,20,56,10,/Users/bujiaowu/Documents/program/symmetry_state_photons/new_datas_afterJun18/Hamiltonian/H_8.txt,/Users/bujiaowu/Documents/program/symmetry_state_photons/new_datas_afterJun18/OGM_probabilities/OGM_H_8.txt
8,20260508,H,7259,0.0,-0.010405856349349735,0.08432851131706733,0.08496810970779599,20,56,10,/Users/bujiaowu/Documents/program/symmetry_state_photons/new_datas_afterJun18/Hamiltonian/H_8.txt,/Users/bujiaowu/Documents/program/symmetry_state_photons/new_datas_afterJun18/OGM_probabilities/OGM_H_8.txt
8,20260508,sym_H,12,0.0,0.019559679999999982,0.2871789842366614,0.2878443156793321,20,56,8,/Users/bujiaowu/Documents/program/symmetry_state_photons/new_datas_afterJun18/Hamiltonian/sym_H_8.txt,/Users/bujiaowu/Documents/program/symmetry_state_photons/new_datas_afterJun18/OGM_probabilities/OGM_sym_H_8.txt
8,20260508,sym_H,45,0.0,0.014131286666666677,0.15257583477533582,0.15322884395650216,20,56,8,/Users/bujiaowu/Documents/program/symmetry_state_photons/new_datas_afterJun18/Hamiltonian/sym_H_8.txt,/Users/bujiaowu/Documents/program/symmetry_state_photons/new_datas_afterJun18/OGM_probabilities/OGM_sym_H_8.txt
8,20260508,sym_H,160,0.0,-0.0258477004327309,0.10390992092078002,0.1070764926742698,20,56,8,/Users/bujiaowu/Documents/program/symmetry_state_photons/new_datas_afterJun18/Hamiltonian/sym_H_8.txt,/Users/bujiaowu/Documents/program/symmetry_state_photons/new_datas_afterJun18/OGM_probabilities/OGM_sym_H_8.txt
8,20260508,sym_H,572,0.0,-0.007287272936628888,0.05036611032575475,0.05089056313501574,20,56,8,/Users/bujiaowu/Documents/program/symmetry_state_photons/new_datas_afterJun18/Hamiltonian/sym_H_8.txt,/Users/bujiaowu/Documents/program/symmetry_state_photons/new_datas_afterJun18/OGM_probabilities/OGM_sym_H_8.txt
8,20260508,sym_H,2038,0.0,0.00047463210876579255,0.022345106937923336,0.022350147196515308,20,56,8,/Users/bujiaowu/Documents/program/symmetry_state_photons/new_datas_afterJun18/Hamiltonian/sym_H_8.txt,/Users/bujiaowu/Documents/program/symmetry_state_photons/new_datas_afterJun18/OGM_probabilities/OGM_sym_H_8.txt
8,20260508,sym_H,7259,0.0,0.0005183484843086709,0.011027762346000154,0.011039937839999096,20,56,8,/Users/bujiaowu/Documents/program/symmetry_state_photons/new_datas_afterJun18/Hamiltonian/sym_H_8.txt,/Users/bujiaowu/Documents/program/symmetry_state_photons/new_datas_afterJun18/OGM_probabilities/OGM_sym_H_8.txt
12,20260512,H,12,0.0,1.4462295231313131,4.115626518838491,4.362334406730331,20,132,13,/Users/bujiaowu/Documents/program/symmetry_state_photons/new_datas_afterJun18/Hamiltonian/H_12.txt,/Users/bujiaowu/Documents/program/symmetry_state_photons/new_datas_afterJun18/OGM_probabilities/OGM_H_12.txt
12,20260512,H,45,0.0,0.5569878676617188,2.5510633728451166,2.6111606264253933,20,132,13,/Users/bujiaowu/Documents/program/symmetry_state_photons/new_datas_afterJun18/Hamiltonian/H_12.txt,/Users/bujiaowu/Documents/program/symmetry_state_photons/new_datas_afterJun18/OGM_probabilities/OGM_H_12.txt
12,20260512,H,160,0.0,0.31492029567201835,1.050076607117594,1.0962826612884786,20,132,13,/Users/bujiaowu/Documents/program/symmetry_state_photons/new_datas_afterJun18/Hamiltonian/H_12.txt,/Users/bujiaowu/Documents/program/symmetry_state_photons/new_datas_afterJun18/OGM_probabilities/OGM_H_12.txt
12,20260512,H,572,0.0,0.0614225188957687,0.6315100805809128,0.6344901163160953,20,132,13,/Users/bujiaowu/Documents/program/symmetry_state_photons/new_datas_afterJun18/Hamiltonian/H_12.txt,/Users/bujiaowu/Documents/program/symmetry_state_photons/new_datas_afterJun18/OGM_probabilities/OGM_H_12.txt
12,20260512,H,2038,0.0,0.0033502081187278877,0.3188747730450402,0.3188923717792018,20,132,13,/Users/bujiaowu/Documents/program/symmetry_state_photons/new_datas_afterJun18/Hamiltonian/H_12.txt,/Users/bujiaowu/Documents/program/symmetry_state_photons/new_datas_afterJun18/OGM_probabilities/OGM_H_12.txt
12,20260512,H,7259,0.0,0.01343916338456429,0.16412723614041455,0.16467653371251295,20,132,13,/Users/bujiaowu/Documents/program/symmetry_state_photons/new_datas_afterJun18/Hamiltonian/H_12.txt,/Users/bujiaowu/Documents/program/symmetry_state_photons/new_datas_afterJun18/OGM_probabilities/OGM_H_12.txt
12,20260512,sym_H,12,0.0,-0.10358106666666667,0.367067131655257,0.381401778330178,20,132,12,/Users/bujiaowu/Documents/program/symmetry_state_photons/new_datas_afterJun18/Hamiltonian/sym_H_12.txt,/Users/bujiaowu/Documents/program/symmetry_state_photons/new_datas_afterJun18/OGM_probabilities/OGM_sym_H_12.txt
12,20260512,sym_H,45,0.0,0.003505657777777769,0.33846652193585924,0.3384846763264364,20,132,12,/Users/bujiaowu/Documents/program/symmetry_state_photons/new_datas_afterJun18/Hamiltonian/sym_H_12.txt,/Users/bujiaowu/Documents/program/symmetry_state_photons/new_datas_afterJun18/OGM_probabilities/OGM_sym_H_12.txt
12,20260512,sym_H,160,0.0,0.03558449891979366,0.09201783499059492,0.09865869713172352,20,132,12,/Users/bujiaowu/Documents/program/symmetry_state_photons/new_datas_afterJun18/Hamiltonian/sym_H_12.txt,/Users/bujiaowu/Documents/program/symmetry_state_photons/new_datas_afterJun18/OGM_probabilities/OGM_sym_H_12.txt
12,20260512,sym_H,572,0.0,-0.0012665036543393683,0.06538061184070035,0.06539287756453895,20,132,12,/Users/bujiaowu/Documents/program/symmetry_state_photons/new_datas_afterJun18/Hamiltonian/sym_H_12.txt,/Users/bujiaowu/Documents/program/symmetry_state_photons/new_datas_afterJun18/OGM_probabilities/OGM_sym_H_12.txt
12,20260512,sym_H,2038,0.0,-0.0006978095553794056,0.02889495208932519,0.028903376868801626,20,132,12,/Users/bujiaowu/Documents/program/symmetry_state_photons/new_datas_afterJun18/Hamiltonian/sym_H_12.txt,/Users/bujiaowu/Documents/program/symmetry_state_photons/new_datas_afterJun18/OGM_probabilities/OGM_sym_H_12.txt
12,20260512,sym_H,7259,0.0,-0.005478255348693552,0.017811372148303726,0.018634813105337527,20,132,12,/Users/bujiaowu/Documents/program/symmetry_state_photons/new_datas_afterJun18/Hamiltonian/sym_H_12.txt,/Users/bujiaowu/Documents/program/symmetry_state_photons/new_datas_afterJun18/OGM_probabilities/OGM_sym_H_12.txt
14,20260513,H,12,0.0,-0.151150651919192,3.661780083257167,3.664898347528137,20,182,12,/Users/bujiaowu/Documents/program/symmetry_state_photons/new_datas_afterJun18/Hamiltonian/H_14.txt,/Users/bujiaowu/Documents/program/symmetry_state_photons/new_datas_afterJun18/OGM_probabilities/OGM_H_14.txt
14,20260513,H,45,0.0,-0.7956665403114083,1.3792566967548927,1.5923047066797056,20,182,12,/Users/bujiaowu/Documents/program/symmetry_state_photons/new_datas_afterJun18/Hamiltonian/H_14.txt,/Users/bujiaowu/Documents/program/symmetry_state_photons/new_datas_afterJun18/OGM_probabilities/OGM_H_14.txt
14,20260513,H,160,0.0,-0.08158742871595974,1.181603700853435,1.1844170778889567,20,182,12,/Users/bujiaowu/Documents/program/symmetry_state_photons/new_datas_afterJun18/Hamiltonian/H_14.txt,/Users/bujiaowu/Documents/program/symmetry_state_photons/new_datas_afterJun18/OGM_probabilities/OGM_H_14.txt
14,20260513,H,572,0.0,-0.22313183596883338,0.611510520938474,0.650947719437795,20,182,12,/Users/bujiaowu/Documents/program/symmetry_state_photons/new_datas_afterJun18/Hamiltonian/H_14.txt,/Users/bujiaowu/Documents/program/symmetry_state_photons/new_datas_afterJun18/OGM_probabilities/OGM_H_14.txt
14,20260513,H,2038,0.0,-0.09294895863482819,0.27200305164895866,0.2874459410352581,20,182,12,/Users/bujiaowu/Documents/program/symmetry_state_photons/new_datas_afterJun18/Hamiltonian/H_14.txt,/Users/bujiaowu/Documents/program/symmetry_state_photons/new_datas_afterJun18/OGM_probabilities/OGM_H_14.txt
14,20260513,H,7259,0.0,-0.04168537425966899,0.17600171493986125,0.18087087684019462,20,182,12,/Users/bujiaowu/Documents/program/symmetry_state_photons/new_datas_afterJun18/Hamiltonian/H_14.txt,/Users/bujiaowu/Documents/program/symmetry_state_photons/new_datas_afterJun18/OGM_probabilities/OGM_H_14.txt
14,20260513,sym_H,12,0.0,0.030864549999999998,0.08745575218076312,0.09274227211043277,20,182,14,/Users/bujiaowu/Documents/program/symmetry_state_photons/new_datas_afterJun18/Hamiltonian/sym_H_14.txt,/Users/bujiaowu/Documents/program/symmetry_state_photons/new_datas_afterJun18/OGM_probabilities/OGM_sym_H_14.txt
14,20260513,sym_H,45,0.0,-0.027881539855699845,0.10822591512527298,0.11175969295514268,20,182,14,/Users/bujiaowu/Documents/program/symmetry_state_photons/new_datas_afterJun18/Hamiltonian/sym_H_14.txt,/Users/bujiaowu/Documents/program/symmetry_state_photons/new_datas_afterJun18/OGM_probabilities/OGM_sym_H_14.txt
14,20260513,sym_H,160,0.0,0.01013218505880557,0.06069344759893906,0.061533371072216125,20,182,14,/Users/bujiaowu/Documents/program/symmetry_state_photons/new_datas_afterJun18/Hamiltonian/sym_H_14.txt,/Users/bujiaowu/Documents/program/symmetry_state_photons/new_datas_afterJun18/OGM_probabilities/OGM_sym_H_14.txt
14,20260513,sym_H,572,0.0,0.0034352069857021563,0.0320639717164062,0.032247463919897856,20,182,14,/Users/bujiaowu/Documents/program/symmetry_state_photons/new_datas_afterJun18/Hamiltonian/sym_H_14.txt,/Users/bujiaowu/Documents/program/symmetry_state_photons/new_datas_afterJun18/OGM_probabilities/OGM_sym_H_14.txt
14,20260513,sym_H,2038,0.0,0.005834886815905182,0.015222043422765614,0.016302040060035,20,182,14,/Users/bujiaowu/Documents/program/symmetry_state_photons/new_datas_afterJun18/Hamiltonian/sym_H_14.txt,/Users/bujiaowu/Documents/program/symmetry_state_photons/new_datas_afterJun18/OGM_probabilities/OGM_sym_H_14.txt
14,20260513,sym_H,7259,0.0,0.002409395873323514,0.006855688632216811,0.007266749967922056,20,182,14,/Users/bujiaowu/Documents/program/symmetry_state_photons/new_datas_afterJun18/Hamiltonian/sym_H_14.txt,/Users/bujiaowu/Documents/program/symmetry_state_photons/new_datas_afterJun18/OGM_probabilities/OGM_sym_H_14.txt
