panel,state,observable,method,shots,reference,rmse,rmse_recomputed,rmse_rounding_delta,mean_estimate,std_estimate,repeats,source_file,source_row
a,W,random_H_3,SG,12,0.019727,0.046501,0.046500865697317935,1.3430268206576779e-07,0.0429548,0.040283989595867986,20,data_rhoH/haozhaowu_outputs_W/ShadowGroupingrand_H_counts_3.txt,1
a,W,random_H_3,SG,45,0.019727,0.035824,0.03582354194799839,4.5805200161314064e-07,0.0342183,0.03276169076848751,20,data_rhoH/haozhaowu_outputs_W/ShadowGroupingrand_H_counts_3.txt,2
a,W,random_H_3,SG,160,0.019727,0.01667,0.016669658573288174,3.414267118265202e-07,0.02512545,0.015771311123286485,20,data_rhoH/haozhaowu_outputs_W/ShadowGroupingrand_H_counts_3.txt,3
a,W,random_H_3,SG,572,0.019727,0.008774,0.008773877059202505,1.2294079749543274e-07,0.02008365,0.008766625315792843,20,data_rhoH/haozhaowu_outputs_W/ShadowGroupingrand_H_counts_3.txt,4
a,W,random_H_3,SG,1000,0.019727,0.006457,0.0064569599464453864,4.0053554613631026e-08,0.02046775,0.006414329363815051,20,data_rhoH/haozhaowu_outputs_W/ShadowGroupingrand_H_counts_3.txt,5
a,W,random_H_3,SG,2038,0.019727,0.005584,0.005584064594898594,6.4594898593201e-08,0.0218078,0.0051818962513736225,20,data_rhoH/haozhaowu_outputs_W/ShadowGroupingrand_H_counts_3.txt,6
a,W,random_H_3,SG,7259,0.019727,0.003468,0.0034678644076722486,1.3559232775158317e-07,0.02167595,0.0028683928335393673,20,data_rhoH/haozhaowu_outputs_W/ShadowGroupingrand_H_counts_3.txt,7
a,W,random_H_3,SG,25848,0.019727,0.003042,0.003042040745946706,4.07459467060764e-08,0.0223216,0.0015881003557710073,20,data_rhoH/haozhaowu_outputs_W/ShadowGroupingrand_H_counts_3.txt,8
a,W,random_H_3,Derand,12,0.019727,0.043806,0.04380613482607202,1.348260720221428e-07,0.0118129,0.04308531617140578,20,data_rhoH/haozhaowu_outputs_W/Derandomizationrand_H_counts_3.txt,1
a,W,random_H_3,Derand,45,0.019727,0.038361,0.0383614488210495,4.488210494993372e-07,0.036480849999999995,0.03450955325453373,20,data_rhoH/haozhaowu_outputs_W/Derandomizationrand_H_counts_3.txt,2
a,W,random_H_3,Derand,160,0.019727,0.018976,0.018975881166628336,1.1883337166368468e-07,0.025693149999999998,0.018013581549139526,20,data_rhoH/haozhaowu_outputs_W/Derandomizationrand_H_counts_3.txt,3
a,W,random_H_3,Derand,572,0.019727,0.009989,0.009989168854314156,1.6885431415591956e-07,0.020672199999999998,0.009944349720318569,20,data_rhoH/haozhaowu_outputs_W/Derandomizationrand_H_counts_3.txt,4
a,W,random_H_3,Derand,1000,0.019727,0.006544,0.0065435075914986145,4.924085013858701e-07,0.020124,0.0065314533298493375,20,data_rhoH/haozhaowu_outputs_W/Derandomizationrand_H_counts_3.txt,5
a,W,random_H_3,Derand,2038,0.019727,0.004514,0.0045142827392621295,2.82739262129697e-07,0.02149875,0.004152065821672388,20,data_rhoH/haozhaowu_outputs_W/Derandomizationrand_H_counts_3.txt,6
a,W,random_H_3,Derand,7259,0.019727,0.003606,0.0036057600100394913,2.399899605085021e-07,0.02178095,0.0029635780144109582,20,data_rhoH/haozhaowu_outputs_W/Derandomizationrand_H_counts_3.txt,7
a,W,random_H_3,Derand,25848,0.019727,0.00298,0.002980043498004684,4.3498004683849983e-08,0.02237575,0.0013655704622977166,20,data_rhoH/haozhaowu_outputs_W/Derandomizationrand_H_counts_3.txt,8
a,W,random_H_3,OGM,12,0.019727,0.04474,0.04473969105000614,3.0894999385883137e-07,0.03438015,0.042272037451813224,20,data_rhoH/haozhaowu_outputs_W/OGM_rand_H_counts_3.txt,1
a,W,random_H_3,OGM,45,0.019727,0.038352,0.03835209562396819,9.562396819512431e-08,0.031307249999999995,0.03656201647458056,20,data_rhoH/haozhaowu_outputs_W/OGM_rand_H_counts_3.txt,2
a,W,random_H_3,OGM,160,0.019727,0.017589,0.017588786117864984,2.138821350167186e-07,0.026399600000000002,0.01627396099110478,20,data_rhoH/haozhaowu_outputs_W/OGM_rand_H_counts_3.txt,3
a,W,random_H_3,OGM,572,0.019727,0.009403,0.009402704714602072,2.9528539792836317e-07,0.020737949999999998,0.009348199615300265,20,data_rhoH/haozhaowu_outputs_W/OGM_rand_H_counts_3.txt,4
a,W,random_H_3,OGM,1000,0.019727,0.006622,0.006621579973843101,4.2002615689967077e-07,0.02015445,0.006607768749547762,20,data_rhoH/haozhaowu_outputs_W/OGM_rand_H_counts_3.txt,5
a,W,random_H_3,OGM,2038,0.019727,0.004584,0.004583539096593373,4.609034066271542e-07,0.02140055,0.004267090466289648,20,data_rhoH/haozhaowu_outputs_W/OGM_rand_H_counts_3.txt,6
a,W,random_H_3,OGM,7259,0.019727,0.003798,0.003797579788496878,4.2021150312198177e-07,0.021828149999999998,0.003163349637251627,20,data_rhoH/haozhaowu_outputs_W/OGM_rand_H_counts_3.txt,7
a,W,random_H_3,OGM,25848,0.019727,0.002989,0.002989135008660531,1.3500866053112529e-07,0.0224062,0.0013254491540606146,20,data_rhoH/haozhaowu_outputs_W/OGM_rand_H_counts_3.txt,8
a,W,random_H_3,AP,12,0.019727,0.054475,0.054475219637464524,2.1963746452136057e-07,0.02763875,0.05389762301333427,20,data_rhoH/haozhaowu_outputs_W/AdaptivePaulisrand_H_counts_3.txt,1
a,W,random_H_3,AP,45,0.019727,0.037402,0.03740209947048427,9.947048427300098e-08,0.0283656,0.0363908180017982,20,data_rhoH/haozhaowu_outputs_W/AdaptivePaulisrand_H_counts_3.txt,2
a,W,random_H_3,AP,160,0.019727,0.025161,0.025160554096641037,4.459033589622463e-07,0.026740550000000002,0.024163269622455897,20,data_rhoH/haozhaowu_outputs_W/AdaptivePaulisrand_H_counts_3.txt,3
a,W,random_H_3,AP,572,0.019727,0.009303,0.009303364982628598,3.649826285975072e-07,0.0215333,0.009126328961307498,20,data_rhoH/haozhaowu_outputs_W/AdaptivePaulisrand_H_counts_3.txt,4
a,W,random_H_3,AP,1000,0.019727,0.006983,0.0069834082939493084,4.0829394930882307e-07,0.0215626,0.006737845652729068,20,data_rhoH/haozhaowu_outputs_W/AdaptivePaulisrand_H_counts_3.txt,5
a,W,random_H_3,AP,2038,0.019727,0.004614,0.004613609422133608,3.9057786639217634e-07,0.0207001,0.004509819097258781,20,data_rhoH/haozhaowu_outputs_W/AdaptivePaulisrand_H_counts_3.txt,6
a,W,random_H_3,AP,7259,0.019727,0.003831,0.0038307726570497493,2.2734295025087642e-07,0.02201035,0.0030758953050290905,20,data_rhoH/haozhaowu_outputs_W/AdaptivePaulisrand_H_counts_3.txt,7
a,W,random_H_3,AP,25848,0.019727,0.00287,0.002870424141133152,4.241411331517772e-07,0.022107750000000002,0.0016035473761320557,20,data_rhoH/haozhaowu_outputs_W/AdaptivePaulisrand_H_counts_3.txt,8
a,W,random_H_3,Compact,12,0.019728,0.027415,0.027415101305667284,1.0130566728550061e-07,0.025674999999999996,0.026762305031517743,20,data_rhoH/haozhaowu_outputs_W/OGM_sym_rand_H_counts_3.txt,1
a,W,random_H_3,Compact,45,0.019728,0.022126,0.02212571944592989,2.805540701110443e-07,0.01795,0.0220541646180489,20,data_rhoH/haozhaowu_outputs_W/OGM_sym_rand_H_counts_3.txt,2
a,W,random_H_3,Compact,160,0.019728,0.006467,0.006466719821516934,2.8017848306607224e-07,0.01934725,0.006455501118232418,20,data_rhoH/haozhaowu_outputs_W/OGM_sym_rand_H_counts_3.txt,3
a,W,random_H_3,Compact,572,0.019728,0.005449,0.005449303551831188,3.0355183118849216e-07,0.0198732,0.0054473687372895915,20,data_rhoH/haozhaowu_outputs_W/OGM_sym_rand_H_counts_3.txt,4
a,W,random_H_3,Compact,1000,0.019728,0.003933,0.003932897977319015,1.0202268098478268e-07,0.0196465,0.003932053439362186,20,data_rhoH/haozhaowu_outputs_W/OGM_sym_rand_H_counts_3.txt,5
a,W,random_H_3,Compact,2038,0.019728,0.002238,0.002238175607498214,1.7560749821388805e-07,0.019584650000000002,0.0022335802711118307,20,data_rhoH/haozhaowu_outputs_W/OGM_sym_rand_H_counts_3.txt,6
a,W,random_H_3,Compact,7259,0.019728,0.001119,0.0011194290509005023,4.2905090050227024e-07,0.0198464,0.0011131499629429987,20,data_rhoH/haozhaowu_outputs_W/OGM_sym_rand_H_counts_3.txt,7
a,W,random_H_3,Compact,25848,0.019728,0.000862,0.0008623319256527619,3.319256527619134e-07,0.02006505,0.0007937339903897274,20,data_rhoH/haozhaowu_outputs_W/OGM_sym_rand_H_counts_3.txt,8
b,GHZ,random_H_3,SG,12,0.065967,0.059941,0.05994077768014025,2.2231985975090796e-07,0.0448498,0.05609777796900694,20,data_rhoH/haozhaowu_outputs_GHZ/ShadowGroupingrand_H_counts_3.txt,1
b,GHZ,random_H_3,SG,45,0.065967,0.03978,0.039780081452279605,8.145227960165702e-08,0.050033249999999994,0.03644956092036638,20,data_rhoH/haozhaowu_outputs_GHZ/ShadowGroupingrand_H_counts_3.txt,2
b,GHZ,random_H_3,SG,160,0.065967,0.015809,0.015808757927174417,2.420728255833615e-07,0.0621977,0.015352823997883907,20,data_rhoH/haozhaowu_outputs_GHZ/ShadowGroupingrand_H_counts_3.txt,3
b,GHZ,random_H_3,SG,572,0.065967,0.008917,0.008916745465695429,2.545343045709525e-07,0.06460590000000001,0.00881225036469119,20,data_rhoH/haozhaowu_outputs_GHZ/ShadowGroupingrand_H_counts_3.txt,4
b,GHZ,random_H_3,SG,1000,0.065967,0.005997,0.005996835102785468,1.648972145313829e-07,0.06587994999999999,0.005996203261022761,20,data_rhoH/haozhaowu_outputs_GHZ/ShadowGroupingrand_H_counts_3.txt,5
b,GHZ,random_H_3,SG,2038,0.065967,0.002807,0.002806542677387963,4.573226120370595e-07,0.0659296,0.002806293470041934,20,data_rhoH/haozhaowu_outputs_GHZ/ShadowGroupingrand_H_counts_3.txt,6
b,GHZ,random_H_3,SG,7259,0.065967,0.001568,0.0015678209081397016,1.790918602983388e-07,0.06612789999999999,0.001559542750295739,20,data_rhoH/haozhaowu_outputs_GHZ/ShadowGroupingrand_H_counts_3.txt,7
b,GHZ,random_H_3,SG,25848,0.065967,0.001599,0.001599228735984945,2.2873598494498396e-07,0.06697225,0.0012437865522267081,20,data_rhoH/haozhaowu_outputs_GHZ/ShadowGroupingrand_H_counts_3.txt,8
b,GHZ,random_H_3,Derand,12,0.065967,0.051885,0.05188479179008045,2.0820991954856316e-07,0.0387917,0.04419880868315344,20,data_rhoH/haozhaowu_outputs_GHZ/Derandomizationrand_H_counts_3.txt,1
b,GHZ,random_H_3,Derand,45,0.065967,0.039429,0.039428711366211296,2.8863378870314094e-07,0.0489952,0.03558906130765463,20,data_rhoH/haozhaowu_outputs_GHZ/Derandomizationrand_H_counts_3.txt,2
b,GHZ,random_H_3,Derand,160,0.065967,0.01477,0.01477035320498464,3.532049846401847e-07,0.0630896,0.014487370466720316,20,data_rhoH/haozhaowu_outputs_GHZ/Derandomizationrand_H_counts_3.txt,3
b,GHZ,random_H_3,Derand,572,0.065967,0.010227,0.01022673221024194,2.677897580592725e-07,0.0645744,0.010131471607816902,20,data_rhoH/haozhaowu_outputs_GHZ/Derandomizationrand_H_counts_3.txt,4
b,GHZ,random_H_3,Derand,1000,0.065967,0.007094,0.007094016883966376,1.6883966376043946e-08,0.06529395,0.007062016655849801,20,data_rhoH/haozhaowu_outputs_GHZ/Derandomizationrand_H_counts_3.txt,5
b,GHZ,random_H_3,Derand,2038,0.065967,0.003485,0.0034851882947697383,1.8829476973849027e-07,0.06530965,0.003422634720138858,20,data_rhoH/haozhaowu_outputs_GHZ/Derandomizationrand_H_counts_3.txt,6
b,GHZ,random_H_3,Derand,7259,0.065967,0.001894,0.001894440906969653,4.4090696965301546e-07,0.06625985,0.0018716691020316599,20,data_rhoH/haozhaowu_outputs_GHZ/Derandomizationrand_H_counts_3.txt,7
b,GHZ,random_H_3,Derand,25848,0.065967,0.001647,0.001646938402005371,6.159799462905971e-08,0.0668001,0.0014206866262480272,20,data_rhoH/haozhaowu_outputs_GHZ/Derandomizationrand_H_counts_3.txt,8
b,GHZ,random_H_3,OGM,12,0.065967,0.056813,0.05681328338205775,2.833820577502477e-07,0.03980565,0.05043146770447495,20,data_rhoH/haozhaowu_outputs_GHZ/OGM_rand_H_counts_3.txt,1
b,GHZ,random_H_3,OGM,45,0.065967,0.039508,0.03950835513343981,3.5513343980830836e-07,0.05575735,0.03816638799031813,20,data_rhoH/haozhaowu_outputs_GHZ/OGM_rand_H_counts_3.txt,2
b,GHZ,random_H_3,OGM,160,0.065967,0.01292,0.012919632463812582,3.675361874167643e-07,0.0638846,0.01275070638200096,20,data_rhoH/haozhaowu_outputs_GHZ/OGM_rand_H_counts_3.txt,3
b,GHZ,random_H_3,OGM,572,0.065967,0.00804,0.008040061290189273,6.129018927276964e-08,0.06471405,0.007941832398602983,20,data_rhoH/haozhaowu_outputs_GHZ/OGM_rand_H_counts_3.txt,4
b,GHZ,random_H_3,OGM,1000,0.065967,0.006419,0.0064192328552561476,2.3285525614733654e-07,0.06509804999999999,0.006360147509885286,20,data_rhoH/haozhaowu_outputs_GHZ/OGM_rand_H_counts_3.txt,5
b,GHZ,random_H_3,OGM,2038,0.065967,0.004011,0.004011139407948818,1.3940794881851792e-07,0.06512585,0.003921951813510717,20,data_rhoH/haozhaowu_outputs_GHZ/OGM_rand_H_counts_3.txt,6
b,GHZ,random_H_3,OGM,7259,0.065967,0.001389,0.0013887296353142318,2.7036468576826025e-07,0.066308,0.0013462128360701355,20,data_rhoH/haozhaowu_outputs_GHZ/OGM_rand_H_counts_3.txt,7
b,GHZ,random_H_3,OGM,25848,0.065967,0.001694,0.0016939167334907611,8.32665092388371e-08,0.067119,0.00124187354428702,20,data_rhoH/haozhaowu_outputs_GHZ/OGM_rand_H_counts_3.txt,8
b,GHZ,random_H_3,AP,12,0.065967,0.046069,0.04606921144104813,2.114410481285356e-07,0.0440938,0.040545472799808364,20,data_rhoH/haozhaowu_outputs_GHZ/AdaptivePaulisrand_H_counts_3.txt,1
b,GHZ,random_H_3,AP,45,0.065967,0.035527,0.03552674412959904,2.5587040096419766e-07,0.05513115,0.03383391646303307,20,data_rhoH/haozhaowu_outputs_GHZ/AdaptivePaulisrand_H_counts_3.txt,2
b,GHZ,random_H_3,AP,160,0.065967,0.016556,0.016555569224584215,4.307754157863164e-07,0.06512314999999999,0.016534049398967573,20,data_rhoH/haozhaowu_outputs_GHZ/AdaptivePaulisrand_H_counts_3.txt,3
b,GHZ,random_H_3,AP,572,0.065967,0.00815,0.008149832032011457,1.6796798854232242e-07,0.06463835,0.008040799172190536,20,data_rhoH/haozhaowu_outputs_GHZ/AdaptivePaulisrand_H_counts_3.txt,4
b,GHZ,random_H_3,AP,1000,0.065967,0.007166,0.007165798654023153,2.0134597684701855e-07,0.06467305,0.007048004238612518,20,data_rhoH/haozhaowu_outputs_GHZ/AdaptivePaulisrand_H_counts_3.txt,5
b,GHZ,random_H_3,AP,2038,0.065967,0.004656,0.004656423337713186,4.233377131858049e-07,0.0653975,0.004621466006582761,20,data_rhoH/haozhaowu_outputs_GHZ/AdaptivePaulisrand_H_counts_3.txt,6
b,GHZ,random_H_3,AP,7259,0.065967,0.002128,0.002127581702308986,4.1829769101406e-07,0.0665489,0.0020464594523224742,20,data_rhoH/haozhaowu_outputs_GHZ/AdaptivePaulisrand_H_counts_3.txt,7
b,GHZ,random_H_3,AP,25848,0.065967,0.002069,0.0020693085076904315,3.085076904314407e-07,0.06686410000000001,0.0018647383972021385,20,data_rhoH/haozhaowu_outputs_GHZ/AdaptivePaulisrand_H_counts_3.txt,8
b,GHZ,random_H_3,Compact,12,0.065967,0.025631,0.0256314695286868,4.695286867986703e-07,0.0578635,0.024316774415000027,20,data_rhoH/haozhaowu_outputs_GHZ/OGM_sym_rand_H_counts_3.txt,1
b,GHZ,random_H_3,Compact,45,0.065967,0.019794,0.019793770470781964,2.2952921803487403e-07,0.061226749999999996,0.01921778809820475,20,data_rhoH/haozhaowu_outputs_GHZ/OGM_sym_rand_H_counts_3.txt,2
b,GHZ,random_H_3,Compact,160,0.065967,0.009437,0.00943694657185257,5.342814742882729e-08,0.061919100000000005,0.00852469742512894,20,data_rhoH/haozhaowu_outputs_GHZ/OGM_sym_rand_H_counts_3.txt,3
b,GHZ,random_H_3,Compact,572,0.065967,0.004592,0.004592245333167644,2.453331676439269e-07,0.0650697,0.004503728445410537,20,data_rhoH/haozhaowu_outputs_GHZ/OGM_sym_rand_H_counts_3.txt,4
b,GHZ,random_H_3,Compact,1000,0.065967,0.003693,0.0036931688426065767,1.6884260657656913e-07,0.0658793,0.003692127409773395,20,data_rhoH/haozhaowu_outputs_GHZ/OGM_sym_rand_H_counts_3.txt,5
b,GHZ,random_H_3,Compact,2038,0.065967,0.003325,0.003325403847655199,4.038476551990189e-07,0.06497915,0.0031752894557032126,20,data_rhoH/haozhaowu_outputs_GHZ/OGM_sym_rand_H_counts_3.txt,6
b,GHZ,random_H_3,Compact,7259,0.065967,0.001845,0.0018447993386815824,2.0066131841767545e-07,0.0660415,0.0018432944284622582,20,data_rhoH/haozhaowu_outputs_GHZ/OGM_sym_rand_H_counts_3.txt,7
b,GHZ,random_H_3,Compact,25848,0.065967,0.000782,0.0007822599312249091,2.5993122490909973e-07,0.0658146,0.0007672710342506099,20,data_rhoH/haozhaowu_outputs_GHZ/OGM_sym_rand_H_counts_3.txt,8
c,W,spin_H_4,SG,12,0.0,0.646151,0.6461513154069641,3.154069641020385e-07,-0.16593555,0.6244813172932778,20,data_rhoH/haozhaowu_outputs_W/ShadowGroupingH_counts_4.txt,1
c,W,spin_H_4,SG,45,0.0,0.502423,0.5024233199410135,3.199410135712455e-07,-0.07929655,0.4961262435899229,20,data_rhoH/haozhaowu_outputs_W/ShadowGroupingH_counts_4.txt,2
c,W,spin_H_4,SG,160,0.0,0.277959,0.2779592928912433,2.9289124331421945e-07,0.030545300000000004,0.2762758642236234,20,data_rhoH/haozhaowu_outputs_W/ShadowGroupingH_counts_4.txt,3
c,W,spin_H_4,SG,572,0.0,0.144472,0.14447224929463098,2.492946309939903e-07,0.01201805,0.1439715155523741,20,data_rhoH/haozhaowu_outputs_W/ShadowGroupingH_counts_4.txt,4
c,W,spin_H_4,SG,1000,0.0,0.127437,0.1274366202835747,3.797164253027674e-07,0.0480958,0.11801222907673595,20,data_rhoH/haozhaowu_outputs_W/ShadowGroupingH_counts_4.txt,5
c,W,spin_H_4,SG,2038,0.0,0.076338,0.07633769147315106,3.085268489438908e-07,0.04989795,0.05777229202002895,20,data_rhoH/haozhaowu_outputs_W/ShadowGroupingH_counts_4.txt,6
c,W,spin_H_4,SG,7259,0.0,0.054977,0.0549774492492149,4.4924921490524516e-07,0.04478845,0.03188282723579419,20,data_rhoH/haozhaowu_outputs_W/ShadowGroupingH_counts_4.txt,7
c,W,spin_H_4,SG,25848,0.0,0.052375,0.05237525066383931,2.5066383931016123e-07,0.0483192,0.020209448123588134,20,data_rhoH/haozhaowu_outputs_W/ShadowGroupingH_counts_4.txt,8
c,W,spin_H_4,Derand,12,0.0,1.072098,1.0720977205218747,2.794781253090406e-07,-0.4236112,0.9848589104956913,20,data_rhoH/haozhaowu_outputs_W/DerandomizationH_counts_4.txt,1
c,W,spin_H_4,Derand,45,0.0,0.492349,0.49234898554338463,1.4456615349267565e-08,-0.11829819999999999,0.47792578863497204,20,data_rhoH/haozhaowu_outputs_W/DerandomizationH_counts_4.txt,2
c,W,spin_H_4,Derand,160,0.0,0.271837,0.2718368575384876,1.424615124201445e-07,0.1027501,0.25166981159127927,20,data_rhoH/haozhaowu_outputs_W/DerandomizationH_counts_4.txt,3
c,W,spin_H_4,Derand,572,0.0,0.127041,0.12704053233436957,4.6766563041589215e-07,0.0269283,0.12415378977264448,20,data_rhoH/haozhaowu_outputs_W/DerandomizationH_counts_4.txt,4
c,W,spin_H_4,Derand,1000,0.0,0.126079,0.12607837946392714,6.205360728595011e-07,0.062198949999999996,0.10966790044104748,20,data_rhoH/haozhaowu_outputs_W/DerandomizationH_counts_4.txt,5
c,W,spin_H_4,Derand,2038,0.0,0.086705,0.08670501559685,1.5596849992083328e-08,0.04964765,0.07108354647263669,20,data_rhoH/haozhaowu_outputs_W/DerandomizationH_counts_4.txt,6
c,W,spin_H_4,Derand,7259,0.0,0.063164,0.06316431354135023,3.135413502303175e-07,0.03309095,0.053802597829914305,20,data_rhoH/haozhaowu_outputs_W/DerandomizationH_counts_4.txt,7
c,W,spin_H_4,Derand,25848,0.0,0.063164,0.06316431354135023,3.135413502303175e-07,0.03309095,0.053802597829914305,20,data_rhoH/haozhaowu_outputs_W/DerandomizationH_counts_4.txt,8
c,W,spin_H_4,OGM,12,0.0,1.079097,1.0790971575611021,1.5756110216536e-07,-0.26381755,1.0463512678677498,20,data_rhoH/haozhaowu_outputs_W/OGM_H_counts_4.txt,1
c,W,spin_H_4,OGM,45,0.0,0.473351,0.47335103841050136,3.84105013351288e-08,-0.00033859999999999777,0.4733509173059032,20,data_rhoH/haozhaowu_outputs_W/OGM_H_counts_4.txt,2
c,W,spin_H_4,OGM,160,0.0,0.281293,0.2812933071574047,3.071574046775716e-07,0.06428865,0.27384830496595647,20,data_rhoH/haozhaowu_outputs_W/OGM_H_counts_4.txt,3
c,W,spin_H_4,OGM,572,0.0,0.171031,0.17103129780087034,2.978008703524715e-07,0.05125035,0.1631720149177778,20,data_rhoH/haozhaowu_outputs_W/OGM_H_counts_4.txt,4
c,W,spin_H_4,OGM,1000,0.0,0.130113,0.13011342202132722,4.2202132721769203e-07,0.07708380000000001,0.10482170752120003,20,data_rhoH/haozhaowu_outputs_W/OGM_H_counts_4.txt,5
c,W,spin_H_4,OGM,2038,0.0,0.095778,0.09577787228660907,1.277133909322048e-07,0.06712435,0.06832073226208499,20,data_rhoH/haozhaowu_outputs_W/OGM_H_counts_4.txt,6
c,W,spin_H_4,OGM,7259,0.0,0.071718,0.07171825488569838,2.5488569838083563e-07,0.056986049999999996,0.04354420959493352,20,data_rhoH/haozhaowu_outputs_W/OGM_H_counts_4.txt,7
c,W,spin_H_4,OGM,25848,0.0,0.074326,0.07432590127909651,9.872090349360985e-08,0.06838795,0.029110614829431204,20,data_rhoH/haozhaowu_outputs_W/OGM_H_counts_4.txt,8
c,W,spin_H_4,AP,12,0.0,0.852642,0.8526422348761818,2.3487618183715142e-07,-0.18020365,0.8333819203830423,20,data_rhoH/haozhaowu_outputs_W/AdaptivePaulisH_counts_4.txt,1
c,W,spin_H_4,AP,45,0.0,0.663281,0.6632807669250632,2.3307493679514124e-07,-0.11286909999999999,0.6536068711678986,20,data_rhoH/haozhaowu_outputs_W/AdaptivePaulisH_counts_4.txt,2
c,W,spin_H_4,AP,160,0.0,0.289546,0.2895458811003016,1.188996984202717e-07,0.07791785,0.2788648882766124,20,data_rhoH/haozhaowu_outputs_W/AdaptivePaulisH_counts_4.txt,3
c,W,spin_H_4,AP,572,0.0,0.180905,0.18090499510129618,4.898703831468509e-09,0.0710794,0.16635605233426284,20,data_rhoH/haozhaowu_outputs_W/AdaptivePaulisH_counts_4.txt,4
c,W,spin_H_4,AP,1000,0.0,0.098518,0.09851812931080249,1.2931080249634075e-07,0.0384992,0.09068425112587081,20,data_rhoH/haozhaowu_outputs_W/AdaptivePaulisH_counts_4.txt,5
c,W,spin_H_4,AP,2038,0.0,0.089479,0.08947903846879446,3.846879445545959e-08,0.053557299999999995,0.07168063854354256,20,data_rhoH/haozhaowu_outputs_W/AdaptivePaulisH_counts_4.txt,6
c,W,spin_H_4,AP,7259,0.0,0.058551,0.05855075924102095,2.4075897905179167e-07,0.0309626,0.049694152663467356,20,data_rhoH/haozhaowu_outputs_W/AdaptivePaulisH_counts_4.txt,7
c,W,spin_H_4,AP,25848,0.0,0.043878,0.04387773323338388,2.6676661612351493e-07,0.0368304,0.02384904839904519,20,data_rhoH/haozhaowu_outputs_W/AdaptivePaulisH_counts_4.txt,8
c,W,spin_H_4,Compact,12,0.0,0.230528,0.23052756194184246,4.380581575536002e-07,0.12269935000000001,0.19516102665344714,20,data_rhoH/haozhaowu_outputs_W/OGM_sym_H_counts_4.txt,1
c,W,spin_H_4,Compact,45,0.0,0.127739,0.12773874307076927,2.5692923072417884e-07,0.06546060000000001,0.1096909126999133,20,data_rhoH/haozhaowu_outputs_W/OGM_sym_H_counts_4.txt,2
c,W,spin_H_4,Compact,160,0.0,0.060541,0.060540659289439525,3.4071056047302317e-07,0.0381492,0.047008615875815785,20,data_rhoH/haozhaowu_outputs_W/OGM_sym_H_counts_4.txt,3
c,W,spin_H_4,Compact,572,0.0,0.04425,0.044249831412108226,1.6858789177176536e-07,0.026049,0.035770059812642196,20,data_rhoH/haozhaowu_outputs_W/OGM_sym_H_counts_4.txt,4
c,W,spin_H_4,Compact,1000,0.0,0.033826,0.03382578298428582,2.1701571418369925e-07,0.0209564,0.026552078892998193,20,data_rhoH/haozhaowu_outputs_W/OGM_sym_H_counts_4.txt,5
c,W,spin_H_4,Compact,2038,0.0,0.022068,0.022068385579828896,3.8557982889528275e-07,0.0153906,0.015815912042623406,20,data_rhoH/haozhaowu_outputs_W/OGM_sym_H_counts_4.txt,6
c,W,spin_H_4,Compact,7259,0.0,0.015774,0.015773995281792116,4.7182078834195895e-09,0.01451355,0.006178656289801206,20,data_rhoH/haozhaowu_outputs_W/OGM_sym_H_counts_4.txt,7
c,W,spin_H_4,Compact,25848,0.0,0.01423,0.014230152984068725,1.5298406872560344e-07,0.01344275,0.004667946699299383,20,data_rhoH/haozhaowu_outputs_W/OGM_sym_H_counts_4.txt,8
d,GHZ,spin_H_4,SG,12,0.0,1.25773,1.2577297625343253,2.3746567467952673e-07,0.40257054999999997,1.191562464933059,20,data_rhoH/haozhaowu_outputs_GHZ/ShadowGroupingH_counts_4.txt,1
d,GHZ,spin_H_4,SG,45,0.0,0.717127,0.7171272719676751,2.7196767515835774e-07,0.38554309999999997,0.6046718467418423,20,data_rhoH/haozhaowu_outputs_GHZ/ShadowGroupingH_counts_4.txt,2
d,GHZ,spin_H_4,SG,160,0.0,0.411338,0.4113384667719517,4.6677195170152785e-07,0.30653980000000003,0.2742857729855123,20,data_rhoH/haozhaowu_outputs_GHZ/ShadowGroupingH_counts_4.txt,3
d,GHZ,spin_H_4,SG,572,0.0,0.316787,0.3167867610189858,2.38981014200057e-07,0.27691319999999997,0.15386010406424402,20,data_rhoH/haozhaowu_outputs_GHZ/ShadowGroupingH_counts_4.txt,4
d,GHZ,spin_H_4,SG,1000,0.0,0.269,0.26900029192474867,2.9192474865213924e-07,0.2419678,0.1175276172597743,20,data_rhoH/haozhaowu_outputs_GHZ/ShadowGroupingH_counts_4.txt,5
d,GHZ,spin_H_4,SG,2038,0.0,0.256772,0.25677175276225384,2.472377461648634e-07,0.2466599,0.0713486282179973,20,data_rhoH/haozhaowu_outputs_GHZ/ShadowGroupingH_counts_4.txt,6
d,GHZ,spin_H_4,SG,7259,0.0,0.23231,0.23231006417383213,6.417383213719319e-08,0.23025145,0.03085831637253562,20,data_rhoH/haozhaowu_outputs_GHZ/ShadowGroupingH_counts_4.txt,7
d,GHZ,spin_H_4,SG,25848,0.0,0.215222,0.2152217778956163,2.221043836903025e-07,0.21450235,0.01758281902959534,20,data_rhoH/haozhaowu_outputs_GHZ/ShadowGroupingH_counts_4.txt,8
d,GHZ,spin_H_4,Derand,12,0.0,1.251242,1.2512421222759806,1.22275980674047e-07,0.35012750000000004,1.2012566679529608,20,data_rhoH/haozhaowu_outputs_GHZ/DerandomizationH_counts_4.txt,1
d,GHZ,spin_H_4,Derand,45,0.0,0.8089,0.8089004555022207,4.555022207197723e-07,0.4805898,0.6506561234997025,20,data_rhoH/haozhaowu_outputs_GHZ/DerandomizationH_counts_4.txt,2
d,GHZ,spin_H_4,Derand,160,0.0,0.434003,0.43400248609887015,5.13901129872707e-07,0.32003970000000004,0.29314288045918835,20,data_rhoH/haozhaowu_outputs_GHZ/DerandomizationH_counts_4.txt,3
d,GHZ,spin_H_4,Derand,572,0.0,0.333427,0.33342642356020613,5.764397938423649e-07,0.28403385000000003,0.17463662840975686,20,data_rhoH/haozhaowu_outputs_GHZ/DerandomizationH_counts_4.txt,4
d,GHZ,spin_H_4,Derand,1000,0.0,0.266978,0.26697801074330074,1.0743300749016527e-08,0.24240374999999997,0.11188243922254959,20,data_rhoH/haozhaowu_outputs_GHZ/DerandomizationH_counts_4.txt,5
d,GHZ,spin_H_4,Derand,2038,0.0,0.240859,0.24085923725061906,2.372506190673196e-07,0.23022645000000003,0.07077396335763245,20,data_rhoH/haozhaowu_outputs_GHZ/DerandomizationH_counts_4.txt,6
d,GHZ,spin_H_4,Derand,7259,0.0,0.249842,0.24984164347582252,3.565241774861061e-07,0.2428424,0.058723211568680406,20,data_rhoH/haozhaowu_outputs_GHZ/DerandomizationH_counts_4.txt,7
d,GHZ,spin_H_4,Derand,25848,0.0,0.249842,0.24984164347582252,3.565241774861061e-07,0.2428424,0.058723211568680406,20,data_rhoH/haozhaowu_outputs_GHZ/DerandomizationH_counts_4.txt,8
d,GHZ,spin_H_4,OGM,12,0.0,1.278466,1.2784654806430833,5.193569168060463e-07,0.41893215,1.2078782384381,20,data_rhoH/haozhaowu_outputs_GHZ/OGM_H_counts_4.txt,1
d,GHZ,spin_H_4,OGM,45,0.0,0.767731,0.7677312240328317,2.240328316194251e-07,0.57592965,0.5076576312888712,20,data_rhoH/haozhaowu_outputs_GHZ/OGM_H_counts_4.txt,2
d,GHZ,spin_H_4,OGM,160,0.0,0.460318,0.460318133278171,1.3327817099950678e-07,0.3200722,0.330827100782055,20,data_rhoH/haozhaowu_outputs_GHZ/OGM_H_counts_4.txt,3
d,GHZ,spin_H_4,OGM,572,0.0,0.312506,0.3125064140124967,4.1401249667449846e-07,0.26306215,0.1686966627895392,20,data_rhoH/haozhaowu_outputs_GHZ/OGM_H_counts_4.txt,4
d,GHZ,spin_H_4,OGM,1000,0.0,0.265165,0.2651647686883572,2.3131164278433758e-07,0.24035755,0.11198483250667253,20,data_rhoH/haozhaowu_outputs_GHZ/OGM_H_counts_4.txt,5
d,GHZ,spin_H_4,OGM,2038,0.0,0.250661,0.25066059834694804,4.016530519845851e-07,0.23787535,0.07903197723723923,20,data_rhoH/haozhaowu_outputs_GHZ/OGM_H_counts_4.txt,6
d,GHZ,spin_H_4,OGM,7259,0.0,0.229286,0.2292856661772602,3.338227397842175e-07,0.22538925,0.0420904110075858,20,data_rhoH/haozhaowu_outputs_GHZ/OGM_H_counts_4.txt,7
d,GHZ,spin_H_4,OGM,25848,0.0,0.219412,0.2194120053428025,5.342802505969857e-09,0.21786735,0.025989341902547283,20,data_rhoH/haozhaowu_outputs_GHZ/OGM_H_counts_4.txt,8
d,GHZ,spin_H_4,AP,12,0.0,1.395441,1.3954405836198474,4.163801525791655e-07,-0.20455199999999998,1.380366944587308,20,data_rhoH/haozhaowu_outputs_GHZ/AdaptivePaulisH_counts_4.txt,1
d,GHZ,spin_H_4,AP,45,0.0,0.820865,0.8208654758427839,4.758427839535173e-07,0.19081849999999997,0.7983786253954636,20,data_rhoH/haozhaowu_outputs_GHZ/AdaptivePaulisH_counts_4.txt,2
d,GHZ,spin_H_4,AP,160,0.0,0.401395,0.40139511705793085,1.1705793084848537e-07,0.22633575,0.33149686012070684,20,data_rhoH/haozhaowu_outputs_GHZ/AdaptivePaulisH_counts_4.txt,3
d,GHZ,spin_H_4,AP,572,0.0,0.280117,0.28011742776896265,4.2776896264085096e-07,0.241594,0.14176781194580101,20,data_rhoH/haozhaowu_outputs_GHZ/AdaptivePaulisH_counts_4.txt,4
d,GHZ,spin_H_4,AP,1000,0.0,0.294844,0.2948435033711952,4.966288048025014e-07,0.2626553,0.13395851918452217,20,data_rhoH/haozhaowu_outputs_GHZ/AdaptivePaulisH_counts_4.txt,5
d,GHZ,spin_H_4,AP,2038,0.0,0.253674,0.25367396838284373,3.161715628197115e-08,0.22860740000000002,0.10995062028174284,20,data_rhoH/haozhaowu_outputs_GHZ/AdaptivePaulisH_counts_4.txt,6
d,GHZ,spin_H_4,AP,7259,0.0,0.232666,0.23266618169858722,1.8169858720384902e-07,0.22515380000000002,0.05864570275612698,20,data_rhoH/haozhaowu_outputs_GHZ/AdaptivePaulisH_counts_4.txt,7
d,GHZ,spin_H_4,AP,25848,0.0,0.220069,0.2200687368938396,2.631061603863838e-07,0.21849985,0.026230983741131402,20,data_rhoH/haozhaowu_outputs_GHZ/AdaptivePaulisH_counts_4.txt,8
d,GHZ,spin_H_4,Compact,12,0.0,0.232143,0.2321433053256113,3.053256113216829e-07,-0.14121129999999998,0.18425494012321625,20,data_rhoH/haozhaowu_outputs_GHZ/OGM_sym_H_counts_4.txt,1
d,GHZ,spin_H_4,Compact,45,0.0,0.169136,0.16913595020618769,4.9793812323395414e-08,-0.06372354999999999,0.15667252097144382,20,data_rhoH/haozhaowu_outputs_GHZ/OGM_sym_H_counts_4.txt,2
d,GHZ,spin_H_4,Compact,160,0.0,0.070543,0.07054302636866383,2.6368663835762973e-08,-0.01763335,0.06830361291342867,20,data_rhoH/haozhaowu_outputs_GHZ/OGM_sym_H_counts_4.txt,3
d,GHZ,spin_H_4,Compact,572,0.0,0.038265,0.03826463299379729,3.670062027130716e-07,-0.00168815,0.03822737615541381,20,data_rhoH/haozhaowu_outputs_GHZ/OGM_sym_H_counts_4.txt,4
d,GHZ,spin_H_4,Compact,1000,0.0,0.034729,0.034729377449070405,3.7744907040171416e-07,-0.0079181,0.03381469133956423,20,data_rhoH/haozhaowu_outputs_GHZ/OGM_sym_H_counts_4.txt,5
d,GHZ,spin_H_4,Compact,2038,0.0,0.023819,0.023818867517159586,1.3248284041339486e-07,-0.011187699999999998,0.021027929486994196,20,data_rhoH/haozhaowu_outputs_GHZ/OGM_sym_H_counts_4.txt,6
d,GHZ,spin_H_4,Compact,7259,0.0,0.011503,0.01150342906267518,4.290626751807247e-07,-0.0060374,0.009791766002106055,20,data_rhoH/haozhaowu_outputs_GHZ/OGM_sym_H_counts_4.txt,7
d,GHZ,spin_H_4,Compact,25848,0.0,0.00765,0.007649531266685561,4.687333144386824e-07,-0.0062418000000000005,0.004422133123278855,20,data_rhoH/haozhaowu_outputs_GHZ/OGM_sym_H_counts_4.txt,8
e,W,tr_rho2_spin_H_3,SG,12,0.0,0.421203,0.42120336046125034,3.6046125034827625e-07,-0.06500045,0.41615767728548214,20,data_rho^2H/haozhaowu_outputs_W/ShadowGroupingH_swap_counts_3.txt,1
e,W,tr_rho2_spin_H_3,SG,45,0.0,0.974806,0.9748057045932025,2.954067974680896e-07,0.40012745,0.8889005486914425,20,data_rho^2H/haozhaowu_outputs_W/ShadowGroupingH_swap_counts_3.txt,2
e,W,tr_rho2_spin_H_3,SG,160,0.0,0.601029,0.6010287474547287,2.5254527136198135e-07,0.3396097,0.4958838643603056,20,data_rho^2H/haozhaowu_outputs_W/ShadowGroupingH_swap_counts_3.txt,3
e,W,tr_rho2_spin_H_3,SG,572,0.0,0.325237,0.3252369314633564,6.853664358263956e-08,0.23471519999999998,0.22513959331192726,20,data_rho^2H/haozhaowu_outputs_W/ShadowGroupingH_swap_counts_3.txt,4
e,W,tr_rho2_spin_H_3,SG,1000,0.0,0.255865,0.2558653103059303,3.103059302844713e-07,0.20073924999999998,0.1586531138282117,20,data_rho^2H/haozhaowu_outputs_W/ShadowGroupingH_swap_counts_3.txt,5
e,W,tr_rho2_spin_H_3,SG,2038,0.0,0.24036,0.24036026098182287,2.609818228749283e-07,0.17385325000000001,0.16597621071613697,20,data_rho^2H/haozhaowu_outputs_W/ShadowGroupingH_swap_counts_3.txt,6
e,W,tr_rho2_spin_H_3,SG,7259,0.0,0.242418,0.24241753319923046,4.6680076953853344e-07,0.21268009999999998,0.11633329474570038,20,data_rho^2H/haozhaowu_outputs_W/ShadowGroupingH_swap_counts_3.txt,7
e,W,tr_rho2_spin_H_3,Derand,12,0.0,0.628395,0.6283952704873741,2.7048737405444e-07,0.3831652,0.49806128687126444,20,data_rho^2H/haozhaowu_outputs_W/DerandomizationH_swap_counts_3.txt,1
e,W,tr_rho2_spin_H_3,Derand,45,0.0,0.619469,0.6194694003755149,4.003755148529464e-07,0.37555360000000004,0.49264777633583207,20,data_rho^2H/haozhaowu_outputs_W/DerandomizationH_swap_counts_3.txt,2
e,W,tr_rho2_spin_H_3,Derand,160,0.0,0.502627,0.5026265942578049,4.057421951753071e-07,0.3316475,0.3776816503339155,20,data_rho^2H/haozhaowu_outputs_W/DerandomizationH_swap_counts_3.txt,3
e,W,tr_rho2_spin_H_3,Derand,572,0.0,0.34043,0.3404301580629278,1.5806292780196074e-07,0.22070215,0.25919732541854573,20,data_rho^2H/haozhaowu_outputs_W/DerandomizationH_swap_counts_3.txt,4
e,W,tr_rho2_spin_H_3,Derand,1000,0.0,0.21429,0.2142904348536117,4.348536117027013e-07,0.17327845,0.12607525227159969,20,data_rho^2H/haozhaowu_outputs_W/DerandomizationH_swap_counts_3.txt,5
e,W,tr_rho2_spin_H_3,Derand,2038,0.0,0.21973,0.2197296573314581,3.4266854190279084e-07,0.1601283,0.15046610864281032,20,data_rho^2H/haozhaowu_outputs_W/DerandomizationH_swap_counts_3.txt,6
e,W,tr_rho2_spin_H_3,Derand,7259,0.0,0.218515,0.21851472841870406,2.715812959241948e-07,0.1940231,0.10051727812814074,20,data_rho^2H/haozhaowu_outputs_W/DerandomizationH_swap_counts_3.txt,7
e,W,tr_rho2_spin_H_3,OGM,12,0.0,0.696916,0.6969164218314489,4.2183144888241486e-07,0.24562625000000002,0.6521964767838657,20,data_rho^2H/haozhaowu_outputs_W/OGM_H_swap_counts_3.txt,1
e,W,tr_rho2_spin_H_3,OGM,45,0.0,0.711307,0.711306722877761,2.7712223904519107e-07,0.4140001,0.5784126305770734,20,data_rho^2H/haozhaowu_outputs_W/OGM_H_swap_counts_3.txt,2
e,W,tr_rho2_spin_H_3,OGM,160,0.0,0.482682,0.4826821875280359,1.8752803587762656e-07,0.34391375,0.3386818960585102,20,data_rho^2H/haozhaowu_outputs_W/OGM_H_swap_counts_3.txt,3
e,W,tr_rho2_spin_H_3,OGM,572,0.0,0.372804,0.3728035984133603,4.015866397200085e-07,0.23177345,0.2919992994256108,20,data_rho^2H/haozhaowu_outputs_W/OGM_H_swap_counts_3.txt,4
e,W,tr_rho2_spin_H_3,OGM,1000,0.0,0.270456,0.2704557454549635,2.545450364932478e-07,0.1999487,0.18211762028400766,20,data_rho^2H/haozhaowu_outputs_W/OGM_H_swap_counts_3.txt,5
e,W,tr_rho2_spin_H_3,OGM,2038,0.0,0.249806,0.2498059467512733,5.3248726705756866e-08,0.2123195,0.1316185433442036,20,data_rho^2H/haozhaowu_outputs_W/OGM_H_swap_counts_3.txt,6
e,W,tr_rho2_spin_H_3,OGM,7259,0.0,0.250435,0.25043491353663133,8.646336868700644e-08,0.22340529999999997,0.11317118825041116,20,data_rho^2H/haozhaowu_outputs_W/OGM_H_swap_counts_3.txt,7
e,W,tr_rho2_spin_H_3,Compact,12,0.0,0.665482,0.6654817787794344,2.21220565643776e-07,0.3865436,0.5417102945177247,50,data_rho^2H/haozhaowu_outputs_W/OGM_sym_H_swap_counts_3.txt,1
e,W,tr_rho2_spin_H_3,Compact,45,0.0,0.477478,0.47747843486013064,4.348601306269906e-07,0.32769884,0.3472738487406364,50,data_rho^2H/haozhaowu_outputs_W/OGM_sym_H_swap_counts_3.txt,2
e,W,tr_rho2_spin_H_3,Compact,160,0.0,0.276787,0.27678678200582485,2.1799417515566688e-07,0.17963982,0.2105717401825506,50,data_rho^2H/haozhaowu_outputs_W/OGM_sym_H_swap_counts_3.txt,3
e,W,tr_rho2_spin_H_3,Compact,572,0.0,0.233955,0.23395470171830274,2.9828169725854004e-07,0.18019698,0.14921075984988347,50,data_rho^2H/haozhaowu_outputs_W/OGM_sym_H_swap_counts_3.txt,4
e,W,tr_rho2_spin_H_3,Compact,1000,0.0,0.222946,0.2229461825760199,1.825760198859161e-07,0.1717531,0.14214736355490382,50,data_rho^2H/haozhaowu_outputs_W/OGM_sym_H_swap_counts_3.txt,5
e,W,tr_rho2_spin_H_3,Compact,2038,0.0,0.195333,0.19533297613434347,2.3865656534338697e-08,0.16382994,0.10637068357915351,50,data_rho^2H/haozhaowu_outputs_W/OGM_sym_H_swap_counts_3.txt,6
e,W,tr_rho2_spin_H_3,Compact,7259,0.0,0.161197,0.16119747178308969,4.717830896783237e-07,0.14320254,0.07401119811763893,50,data_rho^2H/haozhaowu_outputs_W/OGM_sym_H_swap_counts_3.txt,7
f,GHZ,tr_rho2_spin_H_3,SG,12,0.0,0.382575,0.3825754589635227,4.589635226870392e-07,-0.020681449999999997,0.3820160460334716,20,data_rho^2H/haozhaowu_outputs_GHZ/ShadowGroupingH_swap_counts_3.txt,1
f,GHZ,tr_rho2_spin_H_3,SG,45,0.0,0.682235,0.6822352077135494,2.077135493605553e-07,-0.09428205,0.6756891102361703,20,data_rho^2H/haozhaowu_outputs_GHZ/ShadowGroupingH_swap_counts_3.txt,2
f,GHZ,tr_rho2_spin_H_3,SG,160,0.0,0.370411,0.3704110476773067,4.7677306713733714e-08,-0.06592590000000001,0.36449707810981147,20,data_rho^2H/haozhaowu_outputs_GHZ/ShadowGroupingH_swap_counts_3.txt,3
f,GHZ,tr_rho2_spin_H_3,SG,572,0.0,0.230479,0.23047860176532659,3.982346734043851e-07,-0.0701418,0.2195461540643789,20,data_rho^2H/haozhaowu_outputs_GHZ/ShadowGroupingH_swap_counts_3.txt,4
f,GHZ,tr_rho2_spin_H_3,SG,1000,0.0,0.175658,0.1756577477313483,2.5226865171812385e-07,-0.054477750000000005,0.16699646431283358,20,data_rho^2H/haozhaowu_outputs_GHZ/ShadowGroupingH_swap_counts_3.txt,5
f,GHZ,tr_rho2_spin_H_3,SG,2038,0.0,0.121466,0.12146617218653924,1.7218653923511962e-07,-0.053515749999999994,0.10904171443804202,20,data_rho^2H/haozhaowu_outputs_GHZ/ShadowGroupingH_swap_counts_3.txt,6
f,GHZ,tr_rho2_spin_H_3,SG,7259,0.0,0.082638,0.0826376470898706,3.529101293975323e-07,-0.02091505,0.07994711627099191,20,data_rho^2H/haozhaowu_outputs_GHZ/ShadowGroupingH_swap_counts_3.txt,7
f,GHZ,tr_rho2_spin_H_3,Derand,12,0.0,0.475148,0.4751476356391769,3.643608231240769e-07,0.07473400000000001,0.4692335291701777,20,data_rho^2H/haozhaowu_outputs_GHZ/DerandomizationH_swap_counts_3.txt,1
f,GHZ,tr_rho2_spin_H_3,Derand,45,0.0,0.464565,0.4645652064911341,2.0649113408044428e-07,0.05414384999999999,0.46139925724834835,20,data_rho^2H/haozhaowu_outputs_GHZ/DerandomizationH_swap_counts_3.txt,2
f,GHZ,tr_rho2_spin_H_3,Derand,160,0.0,0.297818,0.297818421558506,4.215585059919036e-07,-0.1084979,0.2773517945050834,20,data_rho^2H/haozhaowu_outputs_GHZ/DerandomizationH_swap_counts_3.txt,3
f,GHZ,tr_rho2_spin_H_3,Derand,572,0.0,0.183337,0.18333720260329053,2.0260329053334303e-07,-0.057584,0.17405922211247526,20,data_rho^2H/haozhaowu_outputs_GHZ/DerandomizationH_swap_counts_3.txt,4
f,GHZ,tr_rho2_spin_H_3,Derand,1000,0.0,0.136209,0.1362092444146138,2.4441461379809404e-07,-0.0695862,0.11709277959618176,20,data_rho^2H/haozhaowu_outputs_GHZ/DerandomizationH_swap_counts_3.txt,5
f,GHZ,tr_rho2_spin_H_3,Derand,2038,0.0,0.146756,0.14675561167822512,3.883217748745782e-07,-0.03259555,0.14308997057532546,20,data_rho^2H/haozhaowu_outputs_GHZ/DerandomizationH_swap_counts_3.txt,6
f,GHZ,tr_rho2_spin_H_3,Derand,7259,0.0,0.080114,0.08011420664027075,2.0664027074179803e-07,-0.0171385,0.07825955483741266,20,data_rho^2H/haozhaowu_outputs_GHZ/DerandomizationH_swap_counts_3.txt,7
f,GHZ,tr_rho2_spin_H_3,OGM,12,0.0,0.735907,0.7359070794934642,7.949346425561998e-08,-0.16395089999999996,0.7174115499751799,20,data_rho^2H/haozhaowu_outputs_GHZ/OGM_H_swap_counts_3.txt,1
f,GHZ,tr_rho2_spin_H_3,OGM,45,0.0,0.555122,0.5551217801792233,2.1982077669235878e-07,-0.050120750000000006,0.5528545027842203,20,data_rho^2H/haozhaowu_outputs_GHZ/OGM_H_swap_counts_3.txt,2
f,GHZ,tr_rho2_spin_H_3,OGM,160,0.0,0.301583,0.30158295829762993,4.170237005718391e-08,-0.10490424999999999,0.2827496756275549,20,data_rho^2H/haozhaowu_outputs_GHZ/OGM_H_swap_counts_3.txt,3
f,GHZ,tr_rho2_spin_H_3,OGM,572,0.0,0.222077,0.22207674508455405,2.549154459463576e-07,-0.06546274999999999,0.21220911636823594,20,data_rho^2H/haozhaowu_outputs_GHZ/OGM_H_swap_counts_3.txt,4
f,GHZ,tr_rho2_spin_H_3,OGM,1000,0.0,0.163338,0.16333754218993868,4.5781006133283064e-07,-0.08350435,0.14037868862376332,20,data_rho^2H/haozhaowu_outputs_GHZ/OGM_H_swap_counts_3.txt,5
f,GHZ,tr_rho2_spin_H_3,OGM,2038,0.0,0.139303,0.13930295862382105,4.13761789552769e-08,-0.027029050000000006,0.13665556972713372,20,data_rho^2H/haozhaowu_outputs_GHZ/OGM_H_swap_counts_3.txt,6
f,GHZ,tr_rho2_spin_H_3,OGM,7259,0.0,0.110835,0.11083453778042293,4.6221957707148764e-07,-0.024395999999999998,0.10811627975934059,20,data_rho^2H/haozhaowu_outputs_GHZ/OGM_H_swap_counts_3.txt,7
f,GHZ,tr_rho2_spin_H_3,Compact,12,0.0,0.593095,0.5930954572458299,4.572458298657267e-07,0.030828679999999994,0.5922936888867697,50,data_rho^2H/haozhaowu_outputs_GHZ/OGM_sym_H_swap_counts_3.txt,1
f,GHZ,tr_rho2_spin_H_3,Compact,45,0.0,0.40363,0.40363048823169934,4.882316993470859e-07,-0.07134292,0.397275419320191,50,data_rho^2H/haozhaowu_outputs_GHZ/OGM_sym_H_swap_counts_3.txt,2
f,GHZ,tr_rho2_spin_H_3,Compact,160,0.0,0.190319,0.19031908851957022,8.851957022937285e-08,-0.013554759999999999,0.1898357814961721,50,data_rho^2H/haozhaowu_outputs_GHZ/OGM_sym_H_swap_counts_3.txt,3
f,GHZ,tr_rho2_spin_H_3,Compact,572,0.0,0.107344,0.10734429494835765,2.9494835765420113e-07,-0.01720576,0.10595640367992111,50,data_rho^2H/haozhaowu_outputs_GHZ/OGM_sym_H_swap_counts_3.txt,4
f,GHZ,tr_rho2_spin_H_3,Compact,1000,0.0,0.077521,0.07752148751578494,4.87515784935999e-07,-0.0195637,0.07501228345391173,50,data_rho^2H/haozhaowu_outputs_GHZ/OGM_sym_H_swap_counts_3.txt,5
f,GHZ,tr_rho2_spin_H_3,Compact,2038,0.0,0.083584,0.08358432249949747,3.224994974682094e-07,-0.0019408600000000013,0.08356178570471313,50,data_rho^2H/haozhaowu_outputs_GHZ/OGM_sym_H_swap_counts_3.txt,6
f,GHZ,tr_rho2_spin_H_3,Compact,7259,0.0,0.054931,0.05493059255333042,4.07446669577205e-07,0.0015948599999999998,0.05490743501421643,50,data_rho^2H/haozhaowu_outputs_GHZ/OGM_sym_H_swap_counts_3.txt,7
