case_name,state,method,shots,variance_T_shots,variance_single_shot,std_T_shots,variance_source,source_file
H_4_GHZ,GHZ,SG,12,1.3809101704481,16.5709220453772,1.1751213428612808,empirical_schedule,variance_noisy_summary.csv
H_4_GHZ,GHZ,SG,45,0.36043315680509475,16.219492056229264,0.6003608554903416,empirical_schedule,variance_noisy_summary.csv
H_4_GHZ,GHZ,SG,160,0.1000686059554107,16.01097695286571,0.316336222958122,empirical_schedule,variance_noisy_summary.csv
H_4_GHZ,GHZ,SG,572,0.028259920935387917,16.164674775041888,0.16810687355188042,empirical_schedule,variance_noisy_summary.csv
H_4_GHZ,GHZ,SG,2038,0.00794827605579703,16.19858660171435,0.08915310457744605,empirical_schedule,variance_noisy_summary.csv
H_4_GHZ,GHZ,SG,7259,0.0022324543606270526,16.205386203791775,0.0472488556541537,empirical_schedule,variance_noisy_summary.csv
H_4_GHZ,GHZ,SG,25848,0.0006269013438861569,16.204145936769383,0.0250379980007619,empirical_schedule,variance_noisy_summary.csv
H_4_GHZ,GHZ,Derand,12,1.3778356415922426,16.53402769910691,1.173812438847128,empirical_schedule,variance_noisy_summary.csv
H_4_GHZ,GHZ,Derand,45,0.35333232609502585,15.899954674276163,0.5944176360901701,empirical_schedule,variance_noisy_summary.csv
H_4_GHZ,GHZ,Derand,160,0.10224762043616768,16.35961926978683,0.31976181829006367,empirical_schedule,variance_noisy_summary.csv
H_4_GHZ,GHZ,Derand,572,0.02933554105134928,16.779929481371788,0.17127621274231072,empirical_schedule,variance_noisy_summary.csv
H_4_GHZ,GHZ,Derand,2038,0.00822822878133451,16.76913025635973,0.09070958483718526,empirical_schedule,variance_noisy_summary.csv
H_4_GHZ,GHZ,Derand,7259,0.0044229703332036,32.106341648724936,0.06650541581859029,empirical_schedule,variance_noisy_summary.csv
H_4_GHZ,GHZ,Derand,25848,0.004426467151294695,114.41532292666528,0.06653170034874124,empirical_schedule,variance_noisy_summary.csv
H_4_GHZ,GHZ,OGM,12,1.437511435202987,17.250137222435843,1.198962649627997,cutset_probability,variance_noisy_summary.csv
H_4_GHZ,GHZ,OGM,45,0.3833363827207965,17.250137222435843,0.6191416499645267,cutset_probability,variance_noisy_summary.csv
H_4_GHZ,GHZ,OGM,160,0.10781335764022401,17.250137222435843,0.32834944440370845,cutset_probability,variance_noisy_summary.csv
H_4_GHZ,GHZ,OGM,572,0.03015758255670602,17.250137222435843,0.1736593866069612,cutset_probability,variance_noisy_summary.csv
H_4_GHZ,GHZ,OGM,2038,0.008464247901097077,17.250137222435843,0.09200134727870607,cutset_probability,variance_noisy_summary.csv
H_4_GHZ,GHZ,OGM,7259,0.002376379283983447,17.250137222435843,0.048748120825150246,cutset_probability,variance_noisy_summary.csv
H_4_GHZ,GHZ,OGM,25848,0.0006673683543189354,17.250137222435843,0.025833473524072125,cutset_probability,variance_noisy_summary.csv
H_4_GHZ,GHZ,AP,12,1.3935209801444508,16.72225176173341,1.180474896024668,empirical_schedule,variance_noisy_summary.csv
H_4_GHZ,GHZ,AP,45,0.49700057909561185,22.365026059302533,0.7049826799969002,empirical_schedule,variance_noisy_summary.csv
H_4_GHZ,GHZ,AP,160,0.11372357784764835,18.195772455623736,0.3372292660011114,empirical_schedule,variance_noisy_summary.csv
H_4_GHZ,GHZ,AP,572,0.030656433339073804,17.535479869950215,0.1750897865070199,empirical_schedule,variance_noisy_summary.csv
H_4_GHZ,GHZ,AP,2038,0.00892505655216959,18.189265253321626,0.09447251744380263,empirical_schedule,variance_noisy_summary.csv
H_4_GHZ,GHZ,AP,7259,0.0024989898639202596,18.140167422197166,0.0499898976186215,empirical_schedule,variance_noisy_summary.csv
H_4_GHZ,GHZ,AP,25848,0.0007012168206816074,18.125052380978186,0.026480498875240385,empirical_schedule,variance_noisy_summary.csv
H_4_GHZ,GHZ,Compact,12,0.0602748273676997,0.7232979284123964,0.245509322364141,empirical_schedule,variance_compact_summary.csv
H_4_GHZ,GHZ,Compact,45,0.015991779579454503,0.7196300810754527,0.12645860816668236,empirical_schedule,variance_compact_summary.csv
H_4_GHZ,GHZ,Compact,160,0.004491711503629827,0.7186738405807723,0.06702023204697091,empirical_schedule,variance_compact_summary.csv
H_4_GHZ,GHZ,Compact,572,0.001256438729332785,0.7186829531783531,0.03544627948505717,empirical_schedule,variance_compact_summary.csv
H_4_GHZ,GHZ,Compact,2038,0.00035262295360233335,0.7186455794415554,0.018778257469806228,empirical_schedule,variance_compact_summary.csv
H_4_GHZ,GHZ,Compact,7259,9.900530215430413e-05,0.7186794883380937,0.009950140810777712,empirical_schedule,variance_compact_summary.csv
H_4_GHZ,GHZ,Compact,25848,2.7803768313164654e-05,0.71867180335868,0.005272927869141076,empirical_schedule,variance_compact_summary.csv
H_4_W,W,SG,12,1.0176919731515919,12.212303677819103,1.0088072031620274,empirical_schedule,variance_noisy_summary.csv
H_4_W,W,SG,45,0.26371321384229784,11.867094622903403,0.5135301489126981,empirical_schedule,variance_noisy_summary.csv
H_4_W,W,SG,160,0.07181703177673561,11.490725084277697,0.26798699926812797,empirical_schedule,variance_noisy_summary.csv
H_4_W,W,SG,572,0.020034364139995323,11.459656288077325,0.14154279967555863,empirical_schedule,variance_noisy_summary.csv
H_4_W,W,SG,2038,0.005616799420801167,11.447037219592778,0.07494530953169229,empirical_schedule,variance_noisy_summary.csv
H_4_W,W,SG,7259,0.0015763350844061293,11.442616377704093,0.03970308658537935,empirical_schedule,variance_noisy_summary.csv
H_4_W,W,SG,25848,0.0004426130883375207,11.440663107348234,0.02103837180813954,empirical_schedule,variance_noisy_summary.csv
H_4_W,W,Derand,12,1.0437100124107022,12.524520148928426,1.0216212666202198,empirical_schedule,variance_noisy_summary.csv
H_4_W,W,Derand,45,0.2551448045876946,11.481516206446258,0.5051186044759137,empirical_schedule,variance_noisy_summary.csv
H_4_W,W,Derand,160,0.0716951768506515,11.471228296104242,0.26775955043779764,empirical_schedule,variance_noisy_summary.csv
H_4_W,W,Derand,572,0.02007831827001465,11.48479805044838,0.14169798258978372,empirical_schedule,variance_noisy_summary.csv
H_4_W,W,Derand,2038,0.005626456096508882,11.466717524685102,0.07500970668192805,empirical_schedule,variance_noisy_summary.csv
H_4_W,W,Derand,7259,0.0030600208367189403,22.212691253742786,0.05531745508172751,empirical_schedule,variance_noisy_summary.csv
H_4_W,W,Derand,25848,0.0030603537690402807,79.10402422215317,0.05532046428800359,empirical_schedule,variance_noisy_summary.csv
H_4_W,W,OGM,12,1.0352897860671195,12.423477432805434,1.0174919095831276,cutset_probability,variance_noisy_summary.csv
H_4_W,W,OGM,45,0.2760772762845652,12.423477432805434,0.5254305627621648,cutset_probability,variance_noisy_summary.csv
H_4_W,W,OGM,160,0.07764673395503396,12.423477432805434,0.2786516354788429,cutset_probability,variance_noisy_summary.csv
H_4_W,W,OGM,572,0.02171936614126824,12.423477432805434,0.14737491693388072,cutset_probability,variance_noisy_summary.csv
H_4_W,W,OGM,2038,0.0060959163065777405,12.423477432805434,0.07807634921394405,cutset_probability,variance_noisy_summary.csv
H_4_W,W,OGM,7259,0.0017114585249766406,12.423477432805434,0.04136977791790331,cutset_probability,variance_noisy_summary.csv
H_4_W,W,OGM,25848,0.00048063592667925697,12.423477432805434,0.021923410470984138,cutset_probability,variance_noisy_summary.csv
H_4_W,W,AP,12,0.731115020694551,8.773380248334613,0.8550526420604471,empirical_schedule,variance_noisy_summary.csv
H_4_W,W,AP,45,0.4083550858211742,18.375978861952838,0.6390266706649842,empirical_schedule,variance_noisy_summary.csv
H_4_W,W,AP,160,0.07985984067888854,12.777574508622166,0.2825948348411353,empirical_schedule,variance_noisy_summary.csv
H_4_W,W,AP,572,0.022213954237755112,12.706381823995924,0.14904346425709217,empirical_schedule,variance_noisy_summary.csv
H_4_W,W,AP,2038,0.00630202070381424,12.84351819437342,0.07938526754892396,empirical_schedule,variance_noisy_summary.csv
H_4_W,W,AP,7259,0.001764576927933776,12.80906391987128,0.04200686762820784,empirical_schedule,variance_noisy_summary.csv
H_4_W,W,AP,25848,0.0004949996267180303,12.794750351407648,0.022248587072396988,empirical_schedule,variance_noisy_summary.csv
H_4_W,W,Compact,12,0.0508022636237181,0.6096271634846172,0.2253935749388569,empirical_schedule,variance_compact_summary.csv
H_4_W,W,Compact,45,0.013232396953414842,0.5954578629036679,0.11503215617128475,empirical_schedule,variance_compact_summary.csv
H_4_W,W,Compact,160,0.0037200056625239153,0.5952009060038265,0.060991849148258455,empirical_schedule,variance_compact_summary.csv
H_4_W,W,Compact,572,0.0010408663270510318,0.5953755390731902,0.032262460027887394,empirical_schedule,variance_compact_summary.csv
H_4_W,W,Compact,2038,0.00029214435758814647,0.5953902007646426,0.0170922309131414,empirical_schedule,variance_compact_summary.csv
H_4_W,W,Compact,7259,8.201336949688185e-05,0.5953350491778654,0.009056123315021822,empirical_schedule,variance_compact_summary.csv
H_4_W,W,Compact,25848,2.30327993233456e-05,0.5953517969098371,0.004799249870901243,empirical_schedule,variance_compact_summary.csv
H_swap_3_GHZ,GHZ,SG,12,0.6121965059183857,7.346358071020629,0.7824298728438132,empirical_schedule,variance_noisy_summary.csv
H_swap_3_GHZ,GHZ,SG,45,0.7159724558235284,32.21876051205878,0.8461515560604544,empirical_schedule,variance_noisy_summary.csv
H_swap_3_GHZ,GHZ,SG,160,0.1924909812304991,30.798556996879856,0.4387379414075093,empirical_schedule,variance_noisy_summary.csv
H_swap_3_GHZ,GHZ,SG,572,0.05310082200935233,30.373670189349532,0.23043615603752882,empirical_schedule,variance_noisy_summary.csv
H_swap_3_GHZ,GHZ,SG,2038,0.014989901823939854,30.54941991718942,0.12243325456729415,empirical_schedule,variance_noisy_summary.csv
H_swap_3_GHZ,GHZ,SG,7259,0.004207423162009977,30.54168473303042,0.06486465263924548,empirical_schedule,variance_noisy_summary.csv
H_swap_3_GHZ,GHZ,Derand,12,0.37887865635342116,4.546543876241054,0.6155311985215869,empirical_schedule,variance_noisy_summary.csv
H_swap_3_GHZ,GHZ,Derand,45,0.4082983246763153,18.37342461043419,0.6389822569338802,empirical_schedule,variance_noisy_summary.csv
H_swap_3_GHZ,GHZ,Derand,160,0.19333015337374315,30.932824539798904,0.4396932491791785,empirical_schedule,variance_noisy_summary.csv
H_swap_3_GHZ,GHZ,Derand,572,0.05202907180331365,29.76062907149541,0.22809882025848718,empirical_schedule,variance_noisy_summary.csv
H_swap_3_GHZ,GHZ,Derand,2038,0.014807614654277039,30.177918665416605,0.1216865426178139,empirical_schedule,variance_noisy_summary.csv
H_swap_3_GHZ,GHZ,Derand,7259,0.004204446899404165,30.52008004277484,0.06484170648127766,empirical_schedule,variance_noisy_summary.csv
H_swap_3_GHZ,GHZ,OGM,12,0.6811004500183716,8.173205400220459,0.825288101221853,empirical_schedule,variance_noisy_summary.csv
H_swap_3_GHZ,GHZ,OGM,45,0.5972957597324212,26.878309187958955,0.7728491183487377,empirical_schedule,variance_noisy_summary.csv
H_swap_3_GHZ,GHZ,OGM,160,0.17430917723916486,27.889468358266377,0.41750350566092836,empirical_schedule,variance_noisy_summary.csv
H_swap_3_GHZ,GHZ,OGM,572,0.04935818363599699,28.23288103979028,0.22216701743507516,empirical_schedule,variance_noisy_summary.csv
H_swap_3_GHZ,GHZ,OGM,2038,0.013826313834677653,28.178027595073058,0.11758534702367321,empirical_schedule,variance_noisy_summary.csv
H_swap_3_GHZ,GHZ,OGM,7259,0.0038802158820680195,28.166487087931753,0.06229137887435162,empirical_schedule,variance_noisy_summary.csv
H_swap_3_GHZ,GHZ,Compact,12,0.2726778472942829,3.272134167531395,0.5221856444735751,empirical_schedule,variance_compact_summary.csv
H_swap_3_GHZ,GHZ,Compact,45,0.19556933287826936,8.800619979522121,0.4422322160113048,empirical_schedule,variance_compact_summary.csv
H_swap_3_GHZ,GHZ,Compact,160,0.0673650261454451,10.778404183271215,0.25954773384763946,empirical_schedule,variance_compact_summary.csv
H_swap_3_GHZ,GHZ,Compact,572,0.0186091909554819,10.644457226535646,0.13641550848595588,empirical_schedule,variance_compact_summary.csv
H_swap_3_GHZ,GHZ,Compact,2038,0.005211127390350346,10.620277621534004,0.07218813884808463,empirical_schedule,variance_compact_summary.csv
H_swap_3_GHZ,GHZ,Compact,7259,0.001462768710014226,10.618238065993266,0.038246159415217446,empirical_schedule,variance_compact_summary.csv
H_swap_3_W,W,SG,12,0.6354994870801359,7.625993844961631,0.7971822169868918,empirical_schedule,variance_noisy_summary.csv
H_swap_3_W,W,SG,45,0.8304999324966996,37.372496962351484,0.9113176902138461,empirical_schedule,variance_noisy_summary.csv
H_swap_3_W,W,SG,160,0.22499137454552956,35.99861992728473,0.4743325569107918,empirical_schedule,variance_noisy_summary.csv
H_swap_3_W,W,SG,572,0.062320258507156695,35.64718786609363,0.24964025818596786,empirical_schedule,variance_noisy_summary.csv
H_swap_3_W,W,SG,2038,0.01759411121871668,35.85679866374459,0.13264279557788533,empirical_schedule,variance_noisy_summary.csv
H_swap_3_W,W,SG,7259,0.004937659599100571,35.84247102987104,0.07026848225983376,empirical_schedule,variance_noisy_summary.csv
H_swap_3_W,W,Derand,12,0.29542522758366274,3.545102731003953,0.5435303373167525,empirical_schedule,variance_noisy_summary.csv
H_swap_3_W,W,Derand,45,0.4430195580472284,19.93588011212528,0.665597143959639,empirical_schedule,variance_noisy_summary.csv
H_swap_3_W,W,Derand,160,0.22074178577332795,35.31868572373247,0.4698316568445851,empirical_schedule,variance_noisy_summary.csv
H_swap_3_W,W,Derand,572,0.06110451100524306,34.95178029499903,0.2471932665046584,empirical_schedule,variance_noisy_summary.csv
H_swap_3_W,W,Derand,2038,0.017511514065404667,35.68846566529471,0.13233107747390507,empirical_schedule,variance_noisy_summary.csv
H_swap_3_W,W,Derand,7259,0.00497546123514854,36.11687310594325,0.07053694943182998,empirical_schedule,variance_noisy_summary.csv
H_swap_3_W,W,OGM,12,0.608384392008327,7.300612704099923,0.7799899948129636,empirical_schedule,variance_noisy_summary.csv
H_swap_3_W,W,OGM,45,0.6366529785100675,28.649384032953037,0.7979053693954362,empirical_schedule,variance_noisy_summary.csv
H_swap_3_W,W,OGM,160,0.2083218533634322,33.33149653814915,0.4564228887374429,empirical_schedule,variance_noisy_summary.csv
H_swap_3_W,W,OGM,572,0.057378456670948805,32.82047721578272,0.23953800673577627,empirical_schedule,variance_noisy_summary.csv
H_swap_3_W,W,OGM,2038,0.01610359148758503,32.819119451698285,0.1268999270590217,empirical_schedule,variance_noisy_summary.csv
H_swap_3_W,W,OGM,7259,0.004521156608007353,32.81907581752537,0.0672395464589653,empirical_schedule,variance_noisy_summary.csv
H_swap_3_W,W,Compact,12,0.26633350459709965,3.196002055165196,0.516075095889251,empirical_schedule,variance_compact_summary.csv
H_swap_3_W,W,Compact,45,0.25514358562808404,11.481461353263782,0.5051173978671533,empirical_schedule,variance_compact_summary.csv
H_swap_3_W,W,Compact,160,0.08163264547027416,13.061223275243865,0.2857142724301223,empirical_schedule,variance_compact_summary.csv
H_swap_3_W,W,Compact,572,0.022429406926016332,12.829620761681342,0.1497645048935706,empirical_schedule,variance_compact_summary.csv
H_swap_3_W,W,Compact,2038,0.006283449745846879,12.805670582035939,0.07926821396907388,empirical_schedule,variance_compact_summary.csv
H_swap_3_W,W,Compact,7259,0.001764472747529601,12.808307674317373,0.042005627569762616,empirical_schedule,variance_compact_summary.csv
rand_H_3_GHZ,GHZ,SG,12,0.002769960886925381,0.03323953064310457,0.052630417886668744,empirical_schedule,variance_noisy_summary.csv
rand_H_3_GHZ,GHZ,SG,45,0.0016354392386595557,0.07359476573968,0.04044056427226944,empirical_schedule,variance_noisy_summary.csv
rand_H_3_GHZ,GHZ,SG,160,0.0005053011803587055,0.08084818885739288,0.022478905230431164,empirical_schedule,variance_noisy_summary.csv
rand_H_3_GHZ,GHZ,SG,572,0.00044196247547117145,0.2528025359695101,0.021022903592776414,empirical_schedule,variance_noisy_summary.csv
rand_H_3_GHZ,GHZ,SG,2038,0.0004385198125222987,0.8937033779204447,0.020940864655555624,empirical_schedule,variance_noisy_summary.csv
rand_H_3_GHZ,GHZ,SG,7259,9.123880766695878e-06,0.06623025048544538,0.003020576230902951,empirical_schedule,variance_noisy_summary.csv
rand_H_3_GHZ,GHZ,SG,25848,2.8356976851815867e-06,0.07329711376657365,0.001683952993756532,empirical_schedule,variance_noisy_summary.csv
rand_H_3_GHZ,GHZ,Derand,12,0.0020633057072695104,0.024759668487234127,0.045423624990411214,empirical_schedule,variance_noisy_summary.csv
rand_H_3_GHZ,GHZ,Derand,45,0.0017317672944534021,0.0779295282504031,0.04161450822073237,empirical_schedule,variance_noisy_summary.csv
rand_H_3_GHZ,GHZ,Derand,160,0.000503331887999201,0.08053310207987215,0.022435059349134805,empirical_schedule,variance_noisy_summary.csv
rand_H_3_GHZ,GHZ,Derand,572,0.00018491404877703354,0.10577083590046318,0.013598310511862624,empirical_schedule,variance_noisy_summary.csv
rand_H_3_GHZ,GHZ,Derand,2038,6.322008432110474e-05,0.12884253184641145,0.007951105855232008,empirical_schedule,variance_noisy_summary.csv
rand_H_3_GHZ,GHZ,Derand,7259,2.0582500043602398e-05,0.14940836781650982,0.004536794027019785,empirical_schedule,variance_noisy_summary.csv
rand_H_3_GHZ,GHZ,Derand,25848,6.816997964601451e-06,0.1762057633890183,0.0026109381387925397,empirical_schedule,variance_noisy_summary.csv
rand_H_3_GHZ,GHZ,OGM,12,0.005059342671619293,0.060712112059431514,0.07112905645106853,cutset_probability,variance_noisy_summary.csv
rand_H_3_GHZ,GHZ,OGM,45,0.0013491580457651448,0.060712112059431514,0.03673088680885808,cutset_probability,variance_noisy_summary.csv
rand_H_3_GHZ,GHZ,OGM,160,0.00037945070037144696,0.060712112059431514,0.019479494356154294,cutset_probability,variance_noisy_summary.csv
rand_H_3_GHZ,GHZ,OGM,572,0.00010614005604795719,0.060712112059431514,0.010302429618684963,cutset_probability,variance_noisy_summary.csv
rand_H_3_GHZ,GHZ,OGM,2038,2.9790045171458053e-05,0.060712112059431514,0.00545802575767631,cutset_probability,variance_noisy_summary.csv
rand_H_3_GHZ,GHZ,OGM,7259,8.363701895499588e-06,0.060712112059431514,0.002892006551773282,cutset_probability,variance_noisy_summary.csv
rand_H_3_GHZ,GHZ,OGM,25848,2.3488127537694022e-06,0.060712112059431514,0.0015325836857311911,cutset_probability,variance_noisy_summary.csv
rand_H_3_GHZ,GHZ,AP,12,0.0022252806637086896,0.026703367964504277,0.0471728805958327,empirical_schedule,variance_noisy_summary.csv
rand_H_3_GHZ,GHZ,AP,45,0.0013016759097307018,0.058575415937881584,0.03607874595562742,empirical_schedule,variance_noisy_summary.csv
rand_H_3_GHZ,GHZ,AP,160,0.0005578113547709742,0.08924981676335586,0.023618030289822522,empirical_schedule,variance_noisy_summary.csv
rand_H_3_GHZ,GHZ,AP,572,0.00013642355737767452,0.07803427482002982,0.01168004954517208,empirical_schedule,variance_noisy_summary.csv
rand_H_3_GHZ,GHZ,AP,2038,3.8236631488043434e-05,0.07792625497263252,0.006183577563841456,empirical_schedule,variance_noisy_summary.csv
rand_H_3_GHZ,GHZ,AP,7259,1.0290655389221443e-05,0.07469986747035845,0.003207905140309084,empirical_schedule,variance_noisy_summary.csv
rand_H_3_GHZ,GHZ,AP,25848,2.8859111941202553e-06,0.07459503254562036,0.001698796984374606,empirical_schedule,variance_noisy_summary.csv
rand_H_3_GHZ,GHZ,Compact,12,0.0013603873083100852,0.016324647699721022,0.03688342864092335,cutset_probability,variance_compact_summary.csv
rand_H_3_GHZ,GHZ,Compact,45,0.00036276994888268936,0.016324647699721022,0.01904652065031011,cutset_probability,variance_compact_summary.csv
rand_H_3_GHZ,GHZ,Compact,160,0.00010202904812325639,0.016324647699721022,0.010100942932382917,cutset_probability,variance_compact_summary.csv
rand_H_3_GHZ,GHZ,Compact,572,2.8539593880631157e-05,0.016324647699721022,0.005342246145642407,cutset_probability,variance_compact_summary.csv
rand_H_3_GHZ,GHZ,Compact,2038,8.010131354132003e-06,0.016324647699721022,0.0028302175453720872,cutset_probability,variance_compact_summary.csv
rand_H_3_GHZ,GHZ,Compact,7259,2.24888382693498e-06,0.016324647699721022,0.0014996278961579036,cutset_probability,variance_compact_summary.csv
rand_H_3_GHZ,GHZ,Compact,25848,6.315632814810051e-07,0.016324647699721022,0.0007947095579398835,cutset_probability,variance_compact_summary.csv
rand_H_3_W,W,SG,12,0.0035664642900183293,0.042797571480219954,0.05971988186540835,empirical_schedule,variance_noisy_summary.csv
rand_H_3_W,W,SG,45,0.001877753040130444,0.08449888680586998,0.043333047898000944,empirical_schedule,variance_noisy_summary.csv
rand_H_3_W,W,SG,160,0.000569570446396386,0.09113127142342177,0.02386567506684833,empirical_schedule,variance_noisy_summary.csv
rand_H_3_W,W,SG,572,0.00047363072922520795,0.27091677711681894,0.02176305882051528,empirical_schedule,variance_noisy_summary.csv
rand_H_3_W,W,SG,2038,0.00044371384716164513,0.9042888205154328,0.02106451630495334,empirical_schedule,variance_noisy_summary.csv
rand_H_3_W,W,SG,7259,1.0596659509737766e-05,0.07692115138118644,0.003255251067081887,empirical_schedule,variance_noisy_summary.csv
rand_H_3_W,W,SG,25848,3.214834235220363e-06,0.08309703531197594,0.0017929958826557197,empirical_schedule,variance_noisy_summary.csv
rand_H_3_W,W,Derand,12,0.002322765298701057,0.027873183584412684,0.04819507546109931,empirical_schedule,variance_noisy_summary.csv
rand_H_3_W,W,Derand,45,0.0019461031547981914,0.08757464196591862,0.04411465918261402,empirical_schedule,variance_noisy_summary.csv
rand_H_3_W,W,Derand,160,0.0005675500889599147,0.09080801423358636,0.023823309781806447,empirical_schedule,variance_noisy_summary.csv
rand_H_3_W,W,Derand,572,0.00020324246618610875,0.1162546906584542,0.014256313204545864,empirical_schedule,variance_noisy_summary.csv
rand_H_3_W,W,Derand,2038,6.837117745924634e-05,0.13934045966194403,0.008268686561918183,empirical_schedule,variance_noisy_summary.csv
rand_H_3_W,W,Derand,7259,2.202896367246731e-05,0.15990824729844022,0.004693502282141483,empirical_schedule,variance_noisy_summary.csv
rand_H_3_W,W,Derand,25848,7.25519955915841e-06,0.18753239820512657,0.0026935477644100558,empirical_schedule,variance_noisy_summary.csv
rand_H_3_W,W,OGM,12,0.00587032919738566,0.07044395036862793,0.07661807356874525,cutset_probability,variance_noisy_summary.csv
rand_H_3_W,W,OGM,45,0.0015654211193028428,0.07044395036862793,0.03956540306003267,cutset_probability,variance_noisy_summary.csv
rand_H_3_W,W,OGM,160,0.00044027468980392453,0.07044395036862793,0.02098272360309606,cutset_probability,variance_noisy_summary.csv
rand_H_3_W,W,OGM,572,0.00012315375938571314,0.07044395036862793,0.011097466349834684,cutset_probability,variance_noisy_summary.csv
rand_H_3_W,W,OGM,2038,3.456523570590183e-05,0.07044395036862793,0.005879220671645336,cutset_probability,variance_noisy_summary.csv
rand_H_3_W,W,OGM,7259,9.704360155479808e-06,0.07044395036862793,0.0031151822026134856,cutset_probability,variance_noisy_summary.csv
rand_H_3_W,W,OGM,25848,2.725315319120548e-06,0.07044395036862793,0.0016508529065669504,cutset_probability,variance_noisy_summary.csv
rand_H_3_W,W,AP,12,0.002605303601866936,0.03126364322240323,0.05104217473684811,empirical_schedule,variance_noisy_summary.csv
rand_H_3_W,W,AP,45,0.001443519311012505,0.06495836899556272,0.03799367461844807,empirical_schedule,variance_noisy_summary.csv
rand_H_3_W,W,AP,160,0.0006095211670184988,0.0975233867229598,0.0246884824770276,empirical_schedule,variance_noisy_summary.csv
rand_H_3_W,W,AP,572,0.00015164199816592892,0.08673922295091134,0.01231430055528648,empirical_schedule,variance_noisy_summary.csv
rand_H_3_W,W,AP,2038,4.2769138934251524e-05,0.08716350514800461,0.006539811842419591,empirical_schedule,variance_noisy_summary.csv
rand_H_3_W,W,AP,7259,1.1542219201465782e-05,0.08378496918344011,0.00339738417042668,empirical_schedule,variance_noisy_summary.csv
rand_H_3_W,W,AP,25848,3.240061196615008e-06,0.08374910181010473,0.0018000169989794564,empirical_schedule,variance_noisy_summary.csv
rand_H_3_W,W,Compact,12,0.001903103246771987,0.022837238961263842,0.043624571594137025,cutset_probability,variance_compact_summary.csv
rand_H_3_W,W,Compact,45,0.0005074941991391965,0.022837238961263842,0.022527631902603446,cutset_probability,variance_compact_summary.csv
rand_H_3_W,W,Compact,160,0.000142732743507899,0.022837238961263842,0.011947080961803976,cutset_probability,variance_compact_summary.csv
rand_H_3_W,W,Compact,572,3.9925242939272453e-05,0.022837238961263842,0.006318642491807276,cutset_probability,variance_compact_summary.csv
rand_H_3_W,W,Compact,2038,1.1205710972160865e-05,0.022837238961263842,0.003347493237059765,cutset_probability,variance_compact_summary.csv
rand_H_3_W,W,Compact,7259,3.1460585426730736e-06,0.022837238961263842,0.0017737132075600816,cutset_probability,variance_compact_summary.csv
rand_H_3_W,W,Compact,25848,8.835205416768742e-07,0.022837238961263842,0.0009399577339842862,cutset_probability,variance_compact_summary.csv
