case_name,state_label,hamiltonian_file,output_file,schedule_file,shots,exact_noisy,deviation_noisy,num_groups
rand_H_3_GHZ,GHZ,/Users/bujiaowu/Documents/program/symmetry_state_photons/new_datas_afterJun18_2/preprocessing/rand_H/rand_H_3.txt,/Users/bujiaowu/Documents/program/symmetry_state_photons/new_datas_afterJun18_2/postprocessing/test_outputs/experimental_outputs_actual/data_rhoH/haozhaowu_outputs_GHZ/ShadowGroupingrand_H_counts_3.txt,/Users/bujiaowu/Documents/program/symmetry_state_photons/new_datas_afterJun18/meas/ShadowGroupingrand_H_3_12.txt,12,0.06492299806139307,0.056407183009214115,20
rand_H_3_GHZ,GHZ,/Users/bujiaowu/Documents/program/symmetry_state_photons/new_datas_afterJun18_2/preprocessing/rand_H/rand_H_3.txt,/Users/bujiaowu/Documents/program/symmetry_state_photons/new_datas_afterJun18_2/postprocessing/test_outputs/experimental_outputs_actual/data_rhoH/haozhaowu_outputs_GHZ/ShadowGroupingrand_H_counts_3.txt,/Users/bujiaowu/Documents/program/symmetry_state_photons/new_datas_afterJun18/meas/ShadowGroupingrand_H_3_45.txt,45,0.06492299806139307,0.043498443496050636,20
rand_H_3_GHZ,GHZ,/Users/bujiaowu/Documents/program/symmetry_state_photons/new_datas_afterJun18_2/preprocessing/rand_H/rand_H_3.txt,/Users/bujiaowu/Documents/program/symmetry_state_photons/new_datas_afterJun18_2/postprocessing/test_outputs/experimental_outputs_actual/data_rhoH/haozhaowu_outputs_GHZ/ShadowGroupingrand_H_counts_3.txt,/Users/bujiaowu/Documents/program/symmetry_state_photons/new_datas_afterJun18/meas/ShadowGroupingrand_H_3_160.txt,160,0.06492299806139307,0.019007831269438787,20
rand_H_3_GHZ,GHZ,/Users/bujiaowu/Documents/program/symmetry_state_photons/new_datas_afterJun18_2/preprocessing/rand_H/rand_H_3.txt,/Users/bujiaowu/Documents/program/symmetry_state_photons/new_datas_afterJun18_2/postprocessing/test_outputs/experimental_outputs_actual/data_rhoH/haozhaowu_outputs_GHZ/ShadowGroupingrand_H_counts_3.txt,/Users/bujiaowu/Documents/program/symmetry_state_photons/new_datas_afterJun18/meas/ShadowGroupingrand_H_3_572.txt,572,0.06492299806139307,0.01565718505263115,20
rand_H_3_GHZ,GHZ,/Users/bujiaowu/Documents/program/symmetry_state_photons/new_datas_afterJun18_2/preprocessing/rand_H/rand_H_3.txt,/Users/bujiaowu/Documents/program/symmetry_state_photons/new_datas_afterJun18_2/postprocessing/test_outputs/experimental_outputs_actual/data_rhoH/haozhaowu_outputs_GHZ/ShadowGroupingrand_H_counts_3.txt,/Users/bujiaowu/Documents/program/symmetry_state_photons/new_datas_afterJun18/meas/ShadowGroupingrand_H_3_2038.txt,2038,0.06492299806139307,0.022493998040375537,20
rand_H_3_GHZ,GHZ,/Users/bujiaowu/Documents/program/symmetry_state_photons/new_datas_afterJun18_2/preprocessing/rand_H/rand_H_3.txt,/Users/bujiaowu/Documents/program/symmetry_state_photons/new_datas_afterJun18_2/postprocessing/test_outputs/experimental_outputs_actual/data_rhoH/haozhaowu_outputs_GHZ/ShadowGroupingrand_H_counts_3.txt,/Users/bujiaowu/Documents/program/symmetry_state_photons/new_datas_afterJun18/meas/ShadowGroupingrand_H_3_7259.txt,7259,0.06492299806139307,0.0022455493587206074,20
rand_H_3_GHZ,GHZ,/Users/bujiaowu/Documents/program/symmetry_state_photons/new_datas_afterJun18_2/preprocessing/rand_H/rand_H_3.txt,/Users/bujiaowu/Documents/program/symmetry_state_photons/new_datas_afterJun18_2/postprocessing/test_outputs/experimental_outputs_actual/data_rhoH/haozhaowu_outputs_GHZ/ShadowGroupingrand_H_counts_3.txt,/Users/bujiaowu/Documents/program/symmetry_state_photons/new_datas_afterJun18/meas/ShadowGroupingrand_H_3_25848.txt,25848,0.06492299806139307,0.002472857209944228,20
rand_H_3_GHZ,GHZ,/Users/bujiaowu/Documents/program/symmetry_state_photons/new_datas_afterJun18_2/preprocessing/rand_H/rand_H_3.txt,/Users/bujiaowu/Documents/program/symmetry_state_photons/new_datas_afterJun18_2/postprocessing/test_outputs/experimental_outputs_actual/data_rhoH/haozhaowu_outputs_GHZ/Derandomizationrand_H_counts_3.txt,/Users/bujiaowu/Documents/program/symmetry_state_photons/new_datas_afterJun18/meas/Derandomizationrand_H_3_12.txt,12,0.06492299806139307,0.05246477578477046,20
rand_H_3_GHZ,GHZ,/Users/bujiaowu/Documents/program/symmetry_state_photons/new_datas_afterJun18_2/preprocessing/rand_H/rand_H_3.txt,/Users/bujiaowu/Documents/program/symmetry_state_photons/new_datas_afterJun18_2/postprocessing/test_outputs/experimental_outputs_actual/data_rhoH/haozhaowu_outputs_GHZ/Derandomizationrand_H_counts_3.txt,/Users/bujiaowu/Documents/program/symmetry_state_photons/new_datas_afterJun18/meas/Derandomizationrand_H_3_45.txt,45,0.06492299806139307,0.04403257023934584,20
rand_H_3_GHZ,GHZ,/Users/bujiaowu/Documents/program/symmetry_state_photons/new_datas_afterJun18_2/preprocessing/rand_H/rand_H_3.txt,/Users/bujiaowu/Documents/program/symmetry_state_photons/new_datas_afterJun18_2/postprocessing/test_outputs/experimental_outputs_actual/data_rhoH/haozhaowu_outputs_GHZ/Derandomizationrand_H_counts_3.txt,/Users/bujiaowu/Documents/program/symmetry_state_photons/new_datas_afterJun18/meas/Derandomizationrand_H_3_160.txt,160,0.06492299806139307,0.020754069554581867,20
rand_H_3_GHZ,GHZ,/Users/bujiaowu/Documents/program/symmetry_state_photons/new_datas_afterJun18_2/preprocessing/rand_H/rand_H_3.txt,/Users/bujiaowu/Documents/program/symmetry_state_photons/new_datas_afterJun18_2/postprocessing/test_outputs/experimental_outputs_actual/data_rhoH/haozhaowu_outputs_GHZ/Derandomizationrand_H_counts_3.txt,/Users/bujiaowu/Documents/program/symmetry_state_photons/new_datas_afterJun18/meas/Derandomizationrand_H_3_572.txt,572,0.06492299806139307,0.014111018235794621,20
rand_H_3_GHZ,GHZ,/Users/bujiaowu/Documents/program/symmetry_state_photons/new_datas_afterJun18_2/preprocessing/rand_H/rand_H_3.txt,/Users/bujiaowu/Documents/program/symmetry_state_photons/new_datas_afterJun18_2/postprocessing/test_outputs/experimental_outputs_actual/data_rhoH/haozhaowu_outputs_GHZ/Derandomizationrand_H_counts_3.txt,/Users/bujiaowu/Documents/program/symmetry_state_photons/new_datas_afterJun18/meas/Derandomizationrand_H_3_2038.txt,2038,0.06492299806139307,0.00956026933372414,20
rand_H_3_GHZ,GHZ,/Users/bujiaowu/Documents/program/symmetry_state_photons/new_datas_afterJun18_2/preprocessing/rand_H/rand_H_3.txt,/Users/bujiaowu/Documents/program/symmetry_state_photons/new_datas_afterJun18_2/postprocessing/test_outputs/experimental_outputs_actual/data_rhoH/haozhaowu_outputs_GHZ/Derandomizationrand_H_counts_3.txt,/Users/bujiaowu/Documents/program/symmetry_state_photons/new_datas_afterJun18/meas/Derandomizationrand_H_3_7259.txt,7259,0.06492299806139307,0.005436259022822472,20
rand_H_3_GHZ,GHZ,/Users/bujiaowu/Documents/program/symmetry_state_photons/new_datas_afterJun18_2/preprocessing/rand_H/rand_H_3.txt,/Users/bujiaowu/Documents/program/symmetry_state_photons/new_datas_afterJun18_2/postprocessing/test_outputs/experimental_outputs_actual/data_rhoH/haozhaowu_outputs_GHZ/Derandomizationrand_H_counts_3.txt,/Users/bujiaowu/Documents/program/symmetry_state_photons/new_datas_afterJun18/meas/Derandomizationrand_H_3_25848.txt,25848,0.06492299806139307,0.003276214099234271,20
rand_H_3_GHZ,GHZ,/Users/bujiaowu/Documents/program/symmetry_state_photons/new_datas_afterJun18_2/preprocessing/rand_H/rand_H_3.txt,/Users/bujiaowu/Documents/program/symmetry_state_photons/new_datas_afterJun18_2/postprocessing/test_outputs/experimental_outputs_actual/data_rhoH/haozhaowu_outputs_GHZ/AdaptivePaulisrand_H_counts_3.txt,/Users/bujiaowu/Documents/program/symmetry_state_photons/new_datas_afterJun18/meas/AdaptivePaulisrand_H_3_12.txt,12,0.06492299806139307,0.06275403329067862,20
rand_H_3_GHZ,GHZ,/Users/bujiaowu/Documents/program/symmetry_state_photons/new_datas_afterJun18_2/preprocessing/rand_H/rand_H_3.txt,/Users/bujiaowu/Documents/program/symmetry_state_photons/new_datas_afterJun18_2/postprocessing/test_outputs/experimental_outputs_actual/data_rhoH/haozhaowu_outputs_GHZ/AdaptivePaulisrand_H_counts_3.txt,/Users/bujiaowu/Documents/program/symmetry_state_photons/new_datas_afterJun18/meas/AdaptivePaulisrand_H_3_45.txt,45,0.06492299806139307,0.03273560944598977,20
rand_H_3_GHZ,GHZ,/Users/bujiaowu/Documents/program/symmetry_state_photons/new_datas_afterJun18_2/preprocessing/rand_H/rand_H_3.txt,/Users/bujiaowu/Documents/program/symmetry_state_photons/new_datas_afterJun18_2/postprocessing/test_outputs/experimental_outputs_actual/data_rhoH/haozhaowu_outputs_GHZ/AdaptivePaulisrand_H_counts_3.txt,/Users/bujiaowu/Documents/program/symmetry_state_photons/new_datas_afterJun18/meas/AdaptivePaulisrand_H_3_160.txt,160,0.06492299806139307,0.01904479838899641,20
rand_H_3_GHZ,GHZ,/Users/bujiaowu/Documents/program/symmetry_state_photons/new_datas_afterJun18_2/preprocessing/rand_H/rand_H_3.txt,/Users/bujiaowu/Documents/program/symmetry_state_photons/new_datas_afterJun18_2/postprocessing/test_outputs/experimental_outputs_actual/data_rhoH/haozhaowu_outputs_GHZ/AdaptivePaulisrand_H_counts_3.txt,/Users/bujiaowu/Documents/program/symmetry_state_photons/new_datas_afterJun18/meas/AdaptivePaulisrand_H_3_572.txt,572,0.06492299806139307,0.007794407482268463,20
rand_H_3_GHZ,GHZ,/Users/bujiaowu/Documents/program/symmetry_state_photons/new_datas_afterJun18_2/preprocessing/rand_H/rand_H_3.txt,/Users/bujiaowu/Documents/program/symmetry_state_photons/new_datas_afterJun18_2/postprocessing/test_outputs/experimental_outputs_actual/data_rhoH/haozhaowu_outputs_GHZ/AdaptivePaulisrand_H_counts_3.txt,/Users/bujiaowu/Documents/program/symmetry_state_photons/new_datas_afterJun18/meas/AdaptivePaulisrand_H_3_2038.txt,2038,0.06492299806139307,0.005278103655166643,20
rand_H_3_GHZ,GHZ,/Users/bujiaowu/Documents/program/symmetry_state_photons/new_datas_afterJun18_2/preprocessing/rand_H/rand_H_3.txt,/Users/bujiaowu/Documents/program/symmetry_state_photons/new_datas_afterJun18_2/postprocessing/test_outputs/experimental_outputs_actual/data_rhoH/haozhaowu_outputs_GHZ/AdaptivePaulisrand_H_counts_3.txt,/Users/bujiaowu/Documents/program/symmetry_state_photons/new_datas_afterJun18/meas/AdaptivePaulisrand_H_3_7259.txt,7259,0.06492299806139307,0.0031299189906430756,20
rand_H_3_GHZ,GHZ,/Users/bujiaowu/Documents/program/symmetry_state_photons/new_datas_afterJun18_2/preprocessing/rand_H/rand_H_3.txt,/Users/bujiaowu/Documents/program/symmetry_state_photons/new_datas_afterJun18_2/postprocessing/test_outputs/experimental_outputs_actual/data_rhoH/haozhaowu_outputs_GHZ/AdaptivePaulisrand_H_counts_3.txt,/Users/bujiaowu/Documents/program/symmetry_state_photons/new_datas_afterJun18/meas/AdaptivePaulisrand_H_3_25848.txt,25848,0.06492299806139307,0.0021895730631179547,20
rand_H_3_GHZ,GHZ,/Users/bujiaowu/Documents/program/symmetry_state_photons/new_datas_afterJun18_2/preprocessing/rand_H/rand_H_3.txt,/Users/bujiaowu/Documents/program/symmetry_state_photons/new_datas_afterJun18_2/postprocessing/test_outputs/experimental_outputs_actual/data_rhoH/haozhaowu_outputs_GHZ/OGM_rand_H_counts_3.txt,/Users/bujiaowu/Documents/program/symmetry_state_photons/new_datas_afterJun18/postprocessing/test_outputs/fig3_noiseless/generated_meas/OGM_rand_H_3_12.txt,12,0.06492299806139307,0.05634028251941411,20
rand_H_3_GHZ,GHZ,/Users/bujiaowu/Documents/program/symmetry_state_photons/new_datas_afterJun18_2/preprocessing/rand_H/rand_H_3.txt,/Users/bujiaowu/Documents/program/symmetry_state_photons/new_datas_afterJun18_2/postprocessing/test_outputs/experimental_outputs_actual/data_rhoH/haozhaowu_outputs_GHZ/OGM_rand_H_counts_3.txt,/Users/bujiaowu/Documents/program/symmetry_state_photons/new_datas_afterJun18/postprocessing/test_outputs/fig3_noiseless/generated_meas/OGM_rand_H_3_45.txt,45,0.06492299806139307,0.03878707599317803,20
rand_H_3_GHZ,GHZ,/Users/bujiaowu/Documents/program/symmetry_state_photons/new_datas_afterJun18_2/preprocessing/rand_H/rand_H_3.txt,/Users/bujiaowu/Documents/program/symmetry_state_photons/new_datas_afterJun18_2/postprocessing/test_outputs/experimental_outputs_actual/data_rhoH/haozhaowu_outputs_GHZ/OGM_rand_H_counts_3.txt,/Users/bujiaowu/Documents/program/symmetry_state_photons/new_datas_afterJun18/postprocessing/test_outputs/fig3_noiseless/generated_meas/OGM_rand_H_3_160.txt,160,0.06492299806139307,0.012937930173276354,20
rand_H_3_GHZ,GHZ,/Users/bujiaowu/Documents/program/symmetry_state_photons/new_datas_afterJun18_2/preprocessing/rand_H/rand_H_3.txt,/Users/bujiaowu/Documents/program/symmetry_state_photons/new_datas_afterJun18_2/postprocessing/test_outputs/experimental_outputs_actual/data_rhoH/haozhaowu_outputs_GHZ/OGM_rand_H_counts_3.txt,/Users/bujiaowu/Documents/program/symmetry_state_photons/new_datas_afterJun18/postprocessing/test_outputs/fig3_noiseless/generated_meas/OGM_rand_H_3_572.txt,572,0.06492299806139307,0.007338818778303995,20
rand_H_3_GHZ,GHZ,/Users/bujiaowu/Documents/program/symmetry_state_photons/new_datas_afterJun18_2/preprocessing/rand_H/rand_H_3.txt,/Users/bujiaowu/Documents/program/symmetry_state_photons/new_datas_afterJun18_2/postprocessing/test_outputs/experimental_outputs_actual/data_rhoH/haozhaowu_outputs_GHZ/OGM_rand_H_counts_3.txt,/Users/bujiaowu/Documents/program/symmetry_state_photons/new_datas_afterJun18/postprocessing/test_outputs/fig3_noiseless/generated_meas/OGM_rand_H_3_2038.txt,2038,0.06492299806139307,0.004000637889578175,20
rand_H_3_GHZ,GHZ,/Users/bujiaowu/Documents/program/symmetry_state_photons/new_datas_afterJun18_2/preprocessing/rand_H/rand_H_3.txt,/Users/bujiaowu/Documents/program/symmetry_state_photons/new_datas_afterJun18_2/postprocessing/test_outputs/experimental_outputs_actual/data_rhoH/haozhaowu_outputs_GHZ/OGM_rand_H_counts_3.txt,/Users/bujiaowu/Documents/program/symmetry_state_photons/new_datas_afterJun18/postprocessing/test_outputs/fig3_noiseless/generated_meas/OGM_rand_H_3_7259.txt,7259,0.06492299806139307,0.0018703231439633143,20
rand_H_3_GHZ,GHZ,/Users/bujiaowu/Documents/program/symmetry_state_photons/new_datas_afterJun18_2/preprocessing/rand_H/rand_H_3.txt,/Users/bujiaowu/Documents/program/symmetry_state_photons/new_datas_afterJun18_2/postprocessing/test_outputs/experimental_outputs_actual/data_rhoH/haozhaowu_outputs_GHZ/OGM_rand_H_counts_3.txt,/Users/bujiaowu/Documents/program/symmetry_state_photons/new_datas_afterJun18/postprocessing/test_outputs/fig3_noiseless/generated_meas/OGM_rand_H_3_25848.txt,25848,0.06492299806139307,0.002530386437523507,20
rand_H_3_W,W,/Users/bujiaowu/Documents/program/symmetry_state_photons/new_datas_afterJun18_2/preprocessing/rand_H/rand_H_3.txt,/Users/bujiaowu/Documents/program/symmetry_state_photons/new_datas_afterJun18_2/postprocessing/test_outputs/experimental_outputs_actual/data_rhoH/haozhaowu_outputs_W/ShadowGroupingrand_H_counts_3.txt,/Users/bujiaowu/Documents/program/symmetry_state_photons/new_datas_afterJun18/meas/ShadowGroupingrand_H_3_12.txt,12,0.021099485681452795,0.045854134240009475,20
rand_H_3_W,W,/Users/bujiaowu/Documents/program/symmetry_state_photons/new_datas_afterJun18_2/preprocessing/rand_H/rand_H_3.txt,/Users/bujiaowu/Documents/program/symmetry_state_photons/new_datas_afterJun18_2/postprocessing/test_outputs/experimental_outputs_actual/data_rhoH/haozhaowu_outputs_W/ShadowGroupingrand_H_counts_3.txt,/Users/bujiaowu/Documents/program/symmetry_state_photons/new_datas_afterJun18/meas/ShadowGroupingrand_H_3_45.txt,45,0.021099485681452795,0.055136454574962517,20
rand_H_3_W,W,/Users/bujiaowu/Documents/program/symmetry_state_photons/new_datas_afterJun18_2/preprocessing/rand_H/rand_H_3.txt,/Users/bujiaowu/Documents/program/symmetry_state_photons/new_datas_afterJun18_2/postprocessing/test_outputs/experimental_outputs_actual/data_rhoH/haozhaowu_outputs_W/ShadowGroupingrand_H_counts_3.txt,/Users/bujiaowu/Documents/program/symmetry_state_photons/new_datas_afterJun18/meas/ShadowGroupingrand_H_3_160.txt,160,0.021099485681452795,0.026723479629254383,20
rand_H_3_W,W,/Users/bujiaowu/Documents/program/symmetry_state_photons/new_datas_afterJun18_2/preprocessing/rand_H/rand_H_3.txt,/Users/bujiaowu/Documents/program/symmetry_state_photons/new_datas_afterJun18_2/postprocessing/test_outputs/experimental_outputs_actual/data_rhoH/haozhaowu_outputs_W/ShadowGroupingrand_H_counts_3.txt,/Users/bujiaowu/Documents/program/symmetry_state_photons/new_datas_afterJun18/meas/ShadowGroupingrand_H_3_572.txt,572,0.021099485681452795,0.01682222268664353,20
rand_H_3_W,W,/Users/bujiaowu/Documents/program/symmetry_state_photons/new_datas_afterJun18_2/preprocessing/rand_H/rand_H_3.txt,/Users/bujiaowu/Documents/program/symmetry_state_photons/new_datas_afterJun18_2/postprocessing/test_outputs/experimental_outputs_actual/data_rhoH/haozhaowu_outputs_W/ShadowGroupingrand_H_counts_3.txt,/Users/bujiaowu/Documents/program/symmetry_state_photons/new_datas_afterJun18/meas/ShadowGroupingrand_H_3_2038.txt,2038,0.021099485681452795,0.012589189807455643,20
rand_H_3_W,W,/Users/bujiaowu/Documents/program/symmetry_state_photons/new_datas_afterJun18_2/preprocessing/rand_H/rand_H_3.txt,/Users/bujiaowu/Documents/program/symmetry_state_photons/new_datas_afterJun18_2/postprocessing/test_outputs/experimental_outputs_actual/data_rhoH/haozhaowu_outputs_W/ShadowGroupingrand_H_counts_3.txt,/Users/bujiaowu/Documents/program/symmetry_state_photons/new_datas_afterJun18/meas/ShadowGroupingrand_H_3_7259.txt,7259,0.021099485681452795,0.004827455998816041,20
rand_H_3_W,W,/Users/bujiaowu/Documents/program/symmetry_state_photons/new_datas_afterJun18_2/preprocessing/rand_H/rand_H_3.txt,/Users/bujiaowu/Documents/program/symmetry_state_photons/new_datas_afterJun18_2/postprocessing/test_outputs/experimental_outputs_actual/data_rhoH/haozhaowu_outputs_W/ShadowGroupingrand_H_counts_3.txt,/Users/bujiaowu/Documents/program/symmetry_state_photons/new_datas_afterJun18/meas/ShadowGroupingrand_H_3_25848.txt,25848,0.021099485681452795,0.003579379104981948,20
rand_H_3_W,W,/Users/bujiaowu/Documents/program/symmetry_state_photons/new_datas_afterJun18_2/preprocessing/rand_H/rand_H_3.txt,/Users/bujiaowu/Documents/program/symmetry_state_photons/new_datas_afterJun18_2/postprocessing/test_outputs/experimental_outputs_actual/data_rhoH/haozhaowu_outputs_W/Derandomizationrand_H_counts_3.txt,/Users/bujiaowu/Documents/program/symmetry_state_photons/new_datas_afterJun18/meas/Derandomizationrand_H_3_12.txt,12,0.021099485681452795,0.047982170381174215,20
rand_H_3_W,W,/Users/bujiaowu/Documents/program/symmetry_state_photons/new_datas_afterJun18_2/preprocessing/rand_H/rand_H_3.txt,/Users/bujiaowu/Documents/program/symmetry_state_photons/new_datas_afterJun18_2/postprocessing/test_outputs/experimental_outputs_actual/data_rhoH/haozhaowu_outputs_W/Derandomizationrand_H_counts_3.txt,/Users/bujiaowu/Documents/program/symmetry_state_photons/new_datas_afterJun18/meas/Derandomizationrand_H_3_45.txt,45,0.021099485681452795,0.04756327531172615,20
rand_H_3_W,W,/Users/bujiaowu/Documents/program/symmetry_state_photons/new_datas_afterJun18_2/preprocessing/rand_H/rand_H_3.txt,/Users/bujiaowu/Documents/program/symmetry_state_photons/new_datas_afterJun18_2/postprocessing/test_outputs/experimental_outputs_actual/data_rhoH/haozhaowu_outputs_W/Derandomizationrand_H_counts_3.txt,/Users/bujiaowu/Documents/program/symmetry_state_photons/new_datas_afterJun18/meas/Derandomizationrand_H_3_160.txt,160,0.021099485681452795,0.02218697411216589,20
rand_H_3_W,W,/Users/bujiaowu/Documents/program/symmetry_state_photons/new_datas_afterJun18_2/preprocessing/rand_H/rand_H_3.txt,/Users/bujiaowu/Documents/program/symmetry_state_photons/new_datas_afterJun18_2/postprocessing/test_outputs/experimental_outputs_actual/data_rhoH/haozhaowu_outputs_W/Derandomizationrand_H_counts_3.txt,/Users/bujiaowu/Documents/program/symmetry_state_photons/new_datas_afterJun18/meas/Derandomizationrand_H_3_572.txt,572,0.021099485681452795,0.012712088209976095,20
rand_H_3_W,W,/Users/bujiaowu/Documents/program/symmetry_state_photons/new_datas_afterJun18_2/preprocessing/rand_H/rand_H_3.txt,/Users/bujiaowu/Documents/program/symmetry_state_photons/new_datas_afterJun18_2/postprocessing/test_outputs/experimental_outputs_actual/data_rhoH/haozhaowu_outputs_W/Derandomizationrand_H_counts_3.txt,/Users/bujiaowu/Documents/program/symmetry_state_photons/new_datas_afterJun18/meas/Derandomizationrand_H_3_2038.txt,2038,0.021099485681452795,0.0062132484926632385,20
rand_H_3_W,W,/Users/bujiaowu/Documents/program/symmetry_state_photons/new_datas_afterJun18_2/preprocessing/rand_H/rand_H_3.txt,/Users/bujiaowu/Documents/program/symmetry_state_photons/new_datas_afterJun18_2/postprocessing/test_outputs/experimental_outputs_actual/data_rhoH/haozhaowu_outputs_W/Derandomizationrand_H_counts_3.txt,/Users/bujiaowu/Documents/program/symmetry_state_photons/new_datas_afterJun18/meas/Derandomizationrand_H_3_7259.txt,7259,0.021099485681452795,0.002129338254564578,20
rand_H_3_W,W,/Users/bujiaowu/Documents/program/symmetry_state_photons/new_datas_afterJun18_2/preprocessing/rand_H/rand_H_3.txt,/Users/bujiaowu/Documents/program/symmetry_state_photons/new_datas_afterJun18_2/postprocessing/test_outputs/experimental_outputs_actual/data_rhoH/haozhaowu_outputs_W/Derandomizationrand_H_counts_3.txt,/Users/bujiaowu/Documents/program/symmetry_state_photons/new_datas_afterJun18/meas/Derandomizationrand_H_3_25848.txt,25848,0.021099485681452795,0.0022182917185239715,20
rand_H_3_W,W,/Users/bujiaowu/Documents/program/symmetry_state_photons/new_datas_afterJun18_2/preprocessing/rand_H/rand_H_3.txt,/Users/bujiaowu/Documents/program/symmetry_state_photons/new_datas_afterJun18_2/postprocessing/test_outputs/experimental_outputs_actual/data_rhoH/haozhaowu_outputs_W/AdaptivePaulisrand_H_counts_3.txt,/Users/bujiaowu/Documents/program/symmetry_state_photons/new_datas_afterJun18/meas/AdaptivePaulisrand_H_3_12.txt,12,0.021099485681452795,0.03367982600081737,20
rand_H_3_W,W,/Users/bujiaowu/Documents/program/symmetry_state_photons/new_datas_afterJun18_2/preprocessing/rand_H/rand_H_3.txt,/Users/bujiaowu/Documents/program/symmetry_state_photons/new_datas_afterJun18_2/postprocessing/test_outputs/experimental_outputs_actual/data_rhoH/haozhaowu_outputs_W/AdaptivePaulisrand_H_counts_3.txt,/Users/bujiaowu/Documents/program/symmetry_state_photons/new_datas_afterJun18/meas/AdaptivePaulisrand_H_3_45.txt,45,0.021099485681452795,0.039194805939027355,20
rand_H_3_W,W,/Users/bujiaowu/Documents/program/symmetry_state_photons/new_datas_afterJun18_2/preprocessing/rand_H/rand_H_3.txt,/Users/bujiaowu/Documents/program/symmetry_state_photons/new_datas_afterJun18_2/postprocessing/test_outputs/experimental_outputs_actual/data_rhoH/haozhaowu_outputs_W/AdaptivePaulisrand_H_counts_3.txt,/Users/bujiaowu/Documents/program/symmetry_state_photons/new_datas_afterJun18/meas/AdaptivePaulisrand_H_3_160.txt,160,0.021099485681452795,0.021699819837999852,20
rand_H_3_W,W,/Users/bujiaowu/Documents/program/symmetry_state_photons/new_datas_afterJun18_2/preprocessing/rand_H/rand_H_3.txt,/Users/bujiaowu/Documents/program/symmetry_state_photons/new_datas_afterJun18_2/postprocessing/test_outputs/experimental_outputs_actual/data_rhoH/haozhaowu_outputs_W/AdaptivePaulisrand_H_counts_3.txt,/Users/bujiaowu/Documents/program/symmetry_state_photons/new_datas_afterJun18/meas/AdaptivePaulisrand_H_3_572.txt,572,0.021099485681452795,0.01100213649561586,20
rand_H_3_W,W,/Users/bujiaowu/Documents/program/symmetry_state_photons/new_datas_afterJun18_2/preprocessing/rand_H/rand_H_3.txt,/Users/bujiaowu/Documents/program/symmetry_state_photons/new_datas_afterJun18_2/postprocessing/test_outputs/experimental_outputs_actual/data_rhoH/haozhaowu_outputs_W/AdaptivePaulisrand_H_counts_3.txt,/Users/bujiaowu/Documents/program/symmetry_state_photons/new_datas_afterJun18/meas/AdaptivePaulisrand_H_3_2038.txt,2038,0.021099485681452795,0.006151458702646816,20
rand_H_3_W,W,/Users/bujiaowu/Documents/program/symmetry_state_photons/new_datas_afterJun18_2/preprocessing/rand_H/rand_H_3.txt,/Users/bujiaowu/Documents/program/symmetry_state_photons/new_datas_afterJun18_2/postprocessing/test_outputs/experimental_outputs_actual/data_rhoH/haozhaowu_outputs_W/AdaptivePaulisrand_H_counts_3.txt,/Users/bujiaowu/Documents/program/symmetry_state_photons/new_datas_afterJun18/meas/AdaptivePaulisrand_H_3_7259.txt,7259,0.021099485681452795,0.0028544427711457696,20
rand_H_3_W,W,/Users/bujiaowu/Documents/program/symmetry_state_photons/new_datas_afterJun18_2/preprocessing/rand_H/rand_H_3.txt,/Users/bujiaowu/Documents/program/symmetry_state_photons/new_datas_afterJun18_2/postprocessing/test_outputs/experimental_outputs_actual/data_rhoH/haozhaowu_outputs_W/AdaptivePaulisrand_H_counts_3.txt,/Users/bujiaowu/Documents/program/symmetry_state_photons/new_datas_afterJun18/meas/AdaptivePaulisrand_H_3_25848.txt,25848,0.021099485681452795,0.0017967582809611208,20
rand_H_3_W,W,/Users/bujiaowu/Documents/program/symmetry_state_photons/new_datas_afterJun18_2/preprocessing/rand_H/rand_H_3.txt,/Users/bujiaowu/Documents/program/symmetry_state_photons/new_datas_afterJun18_2/postprocessing/test_outputs/experimental_outputs_actual/data_rhoH/haozhaowu_outputs_W/OGM_rand_H_counts_3.txt,/Users/bujiaowu/Documents/program/symmetry_state_photons/new_datas_afterJun18/postprocessing/test_outputs/fig3_noiseless/generated_meas/OGM_rand_H_3_12.txt,12,0.021099485681452795,0.0443092437197079,20
rand_H_3_W,W,/Users/bujiaowu/Documents/program/symmetry_state_photons/new_datas_afterJun18_2/preprocessing/rand_H/rand_H_3.txt,/Users/bujiaowu/Documents/program/symmetry_state_photons/new_datas_afterJun18_2/postprocessing/test_outputs/experimental_outputs_actual/data_rhoH/haozhaowu_outputs_W/OGM_rand_H_counts_3.txt,/Users/bujiaowu/Documents/program/symmetry_state_photons/new_datas_afterJun18/postprocessing/test_outputs/fig3_noiseless/generated_meas/OGM_rand_H_3_45.txt,45,0.021099485681452795,0.030463563752798146,20
rand_H_3_W,W,/Users/bujiaowu/Documents/program/symmetry_state_photons/new_datas_afterJun18_2/preprocessing/rand_H/rand_H_3.txt,/Users/bujiaowu/Documents/program/symmetry_state_photons/new_datas_afterJun18_2/postprocessing/test_outputs/experimental_outputs_actual/data_rhoH/haozhaowu_outputs_W/OGM_rand_H_counts_3.txt,/Users/bujiaowu/Documents/program/symmetry_state_photons/new_datas_afterJun18/postprocessing/test_outputs/fig3_noiseless/generated_meas/OGM_rand_H_3_160.txt,160,0.021099485681452795,0.01745494069611299,20
rand_H_3_W,W,/Users/bujiaowu/Documents/program/symmetry_state_photons/new_datas_afterJun18_2/preprocessing/rand_H/rand_H_3.txt,/Users/bujiaowu/Documents/program/symmetry_state_photons/new_datas_afterJun18_2/postprocessing/test_outputs/experimental_outputs_actual/data_rhoH/haozhaowu_outputs_W/OGM_rand_H_counts_3.txt,/Users/bujiaowu/Documents/program/symmetry_state_photons/new_datas_afterJun18/postprocessing/test_outputs/fig3_noiseless/generated_meas/OGM_rand_H_3_572.txt,572,0.021099485681452795,0.010463836237101664,20
rand_H_3_W,W,/Users/bujiaowu/Documents/program/symmetry_state_photons/new_datas_afterJun18_2/preprocessing/rand_H/rand_H_3.txt,/Users/bujiaowu/Documents/program/symmetry_state_photons/new_datas_afterJun18_2/postprocessing/test_outputs/experimental_outputs_actual/data_rhoH/haozhaowu_outputs_W/OGM_rand_H_counts_3.txt,/Users/bujiaowu/Documents/program/symmetry_state_photons/new_datas_afterJun18/postprocessing/test_outputs/fig3_noiseless/generated_meas/OGM_rand_H_3_2038.txt,2038,0.021099485681452795,0.004682425184544128,20
rand_H_3_W,W,/Users/bujiaowu/Documents/program/symmetry_state_photons/new_datas_afterJun18_2/preprocessing/rand_H/rand_H_3.txt,/Users/bujiaowu/Documents/program/symmetry_state_photons/new_datas_afterJun18_2/postprocessing/test_outputs/experimental_outputs_actual/data_rhoH/haozhaowu_outputs_W/OGM_rand_H_counts_3.txt,/Users/bujiaowu/Documents/program/symmetry_state_photons/new_datas_afterJun18/postprocessing/test_outputs/fig3_noiseless/generated_meas/OGM_rand_H_3_7259.txt,7259,0.021099485681452795,0.0032218288915492103,20
rand_H_3_W,W,/Users/bujiaowu/Documents/program/symmetry_state_photons/new_datas_afterJun18_2/preprocessing/rand_H/rand_H_3.txt,/Users/bujiaowu/Documents/program/symmetry_state_photons/new_datas_afterJun18_2/postprocessing/test_outputs/experimental_outputs_actual/data_rhoH/haozhaowu_outputs_W/OGM_rand_H_counts_3.txt,/Users/bujiaowu/Documents/program/symmetry_state_photons/new_datas_afterJun18/postprocessing/test_outputs/fig3_noiseless/generated_meas/OGM_rand_H_3_25848.txt,25848,0.021099485681452795,0.001848068733755942,20
H_4_GHZ,GHZ,/Users/bujiaowu/Documents/program/symmetry_state_photons/new_datas_afterJun18_2/Hamiltonian/H_4.txt,/Users/bujiaowu/Documents/program/symmetry_state_photons/new_datas_afterJun18_2/postprocessing/test_outputs/experimental_outputs_actual/data_rhoH/haozhaowu_outputs_GHZ/ShadowGroupingH_counts_4.txt,/Users/bujiaowu/Documents/program/symmetry_state_photons/new_datas_afterJun18/meas/ShadowGroupingH_4_12.txt,12,0.18787127258781006,1.210750561559394,20
H_4_GHZ,GHZ,/Users/bujiaowu/Documents/program/symmetry_state_photons/new_datas_afterJun18_2/Hamiltonian/H_4.txt,/Users/bujiaowu/Documents/program/symmetry_state_photons/new_datas_afterJun18_2/postprocessing/test_outputs/experimental_outputs_actual/data_rhoH/haozhaowu_outputs_GHZ/ShadowGroupingH_counts_4.txt,/Users/bujiaowu/Documents/program/symmetry_state_photons/new_datas_afterJun18/meas/ShadowGroupingH_4_45.txt,45,0.18787127258781006,0.6361620607806899,20
H_4_GHZ,GHZ,/Users/bujiaowu/Documents/program/symmetry_state_photons/new_datas_afterJun18_2/Hamiltonian/H_4.txt,/Users/bujiaowu/Documents/program/symmetry_state_photons/new_datas_afterJun18_2/postprocessing/test_outputs/experimental_outputs_actual/data_rhoH/haozhaowu_outputs_GHZ/ShadowGroupingH_counts_4.txt,/Users/bujiaowu/Documents/program/symmetry_state_photons/new_datas_afterJun18/meas/ShadowGroupingH_4_160.txt,160,0.18787127258781006,0.2988560643289125,20
H_4_GHZ,GHZ,/Users/bujiaowu/Documents/program/symmetry_state_photons/new_datas_afterJun18_2/Hamiltonian/H_4.txt,/Users/bujiaowu/Documents/program/symmetry_state_photons/new_datas_afterJun18_2/postprocessing/test_outputs/experimental_outputs_actual/data_rhoH/haozhaowu_outputs_GHZ/ShadowGroupingH_counts_4.txt,/Users/bujiaowu/Documents/program/symmetry_state_photons/new_datas_afterJun18/meas/ShadowGroupingH_4_572.txt,572,0.18787127258781006,0.17776782770031627,20
H_4_GHZ,GHZ,/Users/bujiaowu/Documents/program/symmetry_state_photons/new_datas_afterJun18_2/Hamiltonian/H_4.txt,/Users/bujiaowu/Documents/program/symmetry_state_photons/new_datas_afterJun18_2/postprocessing/test_outputs/experimental_outputs_actual/data_rhoH/haozhaowu_outputs_GHZ/ShadowGroupingH_counts_4.txt,/Users/bujiaowu/Documents/program/symmetry_state_photons/new_datas_afterJun18/meas/ShadowGroupingH_4_2038.txt,2038,0.18787127258781006,0.09244864149479932,20
H_4_GHZ,GHZ,/Users/bujiaowu/Documents/program/symmetry_state_photons/new_datas_afterJun18_2/Hamiltonian/H_4.txt,/Users/bujiaowu/Documents/program/symmetry_state_photons/new_datas_afterJun18_2/postprocessing/test_outputs/experimental_outputs_actual/data_rhoH/haozhaowu_outputs_GHZ/ShadowGroupingH_counts_4.txt,/Users/bujiaowu/Documents/program/symmetry_state_photons/new_datas_afterJun18/meas/ShadowGroupingH_4_7259.txt,7259,0.18787127258781006,0.052424303182135555,20
H_4_GHZ,GHZ,/Users/bujiaowu/Documents/program/symmetry_state_photons/new_datas_afterJun18_2/Hamiltonian/H_4.txt,/Users/bujiaowu/Documents/program/symmetry_state_photons/new_datas_afterJun18_2/postprocessing/test_outputs/experimental_outputs_actual/data_rhoH/haozhaowu_outputs_GHZ/ShadowGroupingH_counts_4.txt,/Users/bujiaowu/Documents/program/symmetry_state_photons/new_datas_afterJun18/meas/ShadowGroupingH_4_25848.txt,25848,0.18787127258781006,0.031911812073529354,20
H_4_GHZ,GHZ,/Users/bujiaowu/Documents/program/symmetry_state_photons/new_datas_afterJun18_2/Hamiltonian/H_4.txt,/Users/bujiaowu/Documents/program/symmetry_state_photons/new_datas_afterJun18_2/postprocessing/test_outputs/experimental_outputs_actual/data_rhoH/haozhaowu_outputs_GHZ/DerandomizationH_counts_4.txt,/Users/bujiaowu/Documents/program/symmetry_state_photons/new_datas_afterJun18/meas/DerandomizationH_4_12.txt,12,0.18787127258781006,1.2121652738834154,20
H_4_GHZ,GHZ,/Users/bujiaowu/Documents/program/symmetry_state_photons/new_datas_afterJun18_2/Hamiltonian/H_4.txt,/Users/bujiaowu/Documents/program/symmetry_state_photons/new_datas_afterJun18_2/postprocessing/test_outputs/experimental_outputs_actual/data_rhoH/haozhaowu_outputs_GHZ/DerandomizationH_counts_4.txt,/Users/bujiaowu/Documents/program/symmetry_state_photons/new_datas_afterJun18/meas/DerandomizationH_4_45.txt,45,0.18787127258781006,0.7134686592475219,20
H_4_GHZ,GHZ,/Users/bujiaowu/Documents/program/symmetry_state_photons/new_datas_afterJun18_2/Hamiltonian/H_4.txt,/Users/bujiaowu/Documents/program/symmetry_state_photons/new_datas_afterJun18_2/postprocessing/test_outputs/experimental_outputs_actual/data_rhoH/haozhaowu_outputs_GHZ/DerandomizationH_counts_4.txt,/Users/bujiaowu/Documents/program/symmetry_state_photons/new_datas_afterJun18/meas/DerandomizationH_4_160.txt,160,0.18787127258781006,0.32156067539109523,20
H_4_GHZ,GHZ,/Users/bujiaowu/Documents/program/symmetry_state_photons/new_datas_afterJun18_2/Hamiltonian/H_4.txt,/Users/bujiaowu/Documents/program/symmetry_state_photons/new_datas_afterJun18_2/postprocessing/test_outputs/experimental_outputs_actual/data_rhoH/haozhaowu_outputs_GHZ/DerandomizationH_counts_4.txt,/Users/bujiaowu/Documents/program/symmetry_state_photons/new_datas_afterJun18/meas/DerandomizationH_4_572.txt,572,0.18787127258781006,0.1993620354262417,20
H_4_GHZ,GHZ,/Users/bujiaowu/Documents/program/symmetry_state_photons/new_datas_afterJun18_2/Hamiltonian/H_4.txt,/Users/bujiaowu/Documents/program/symmetry_state_photons/new_datas_afterJun18_2/postprocessing/test_outputs/experimental_outputs_actual/data_rhoH/haozhaowu_outputs_GHZ/DerandomizationH_counts_4.txt,/Users/bujiaowu/Documents/program/symmetry_state_photons/new_datas_afterJun18/meas/DerandomizationH_4_2038.txt,2038,0.18787127258781006,0.08247970599284363,20
H_4_GHZ,GHZ,/Users/bujiaowu/Documents/program/symmetry_state_photons/new_datas_afterJun18_2/Hamiltonian/H_4.txt,/Users/bujiaowu/Documents/program/symmetry_state_photons/new_datas_afterJun18_2/postprocessing/test_outputs/experimental_outputs_actual/data_rhoH/haozhaowu_outputs_GHZ/DerandomizationH_counts_4.txt,/Users/bujiaowu/Documents/program/symmetry_state_photons/new_datas_afterJun18/meas/DerandomizationH_4_7259.txt,7259,0.18787127258781006,0.08043784437947936,20
H_4_GHZ,GHZ,/Users/bujiaowu/Documents/program/symmetry_state_photons/new_datas_afterJun18_2/Hamiltonian/H_4.txt,/Users/bujiaowu/Documents/program/symmetry_state_photons/new_datas_afterJun18_2/postprocessing/test_outputs/experimental_outputs_actual/data_rhoH/haozhaowu_outputs_GHZ/DerandomizationH_counts_4.txt,/Users/bujiaowu/Documents/program/symmetry_state_photons/new_datas_afterJun18/meas/DerandomizationH_4_25848.txt,25848,0.18787127258781006,0.08043784437947936,20
H_4_GHZ,GHZ,/Users/bujiaowu/Documents/program/symmetry_state_photons/new_datas_afterJun18_2/Hamiltonian/H_4.txt,/Users/bujiaowu/Documents/program/symmetry_state_photons/new_datas_afterJun18_2/postprocessing/test_outputs/experimental_outputs_actual/data_rhoH/haozhaowu_outputs_GHZ/AdaptivePaulisH_counts_4.txt,/Users/bujiaowu/Documents/program/symmetry_state_photons/new_datas_afterJun18/meas/AdaptivePaulisH_4_12.txt,12,0.18787127258781006,1.4350640789610607,20
H_4_GHZ,GHZ,/Users/bujiaowu/Documents/program/symmetry_state_photons/new_datas_afterJun18_2/Hamiltonian/H_4.txt,/Users/bujiaowu/Documents/program/symmetry_state_photons/new_datas_afterJun18_2/postprocessing/test_outputs/experimental_outputs_actual/data_rhoH/haozhaowu_outputs_GHZ/AdaptivePaulisH_counts_4.txt,/Users/bujiaowu/Documents/program/symmetry_state_photons/new_datas_afterJun18/meas/AdaptivePaulisH_4_45.txt,45,0.18787127258781006,0.7983839989946896,20
H_4_GHZ,GHZ,/Users/bujiaowu/Documents/program/symmetry_state_photons/new_datas_afterJun18_2/Hamiltonian/H_4.txt,/Users/bujiaowu/Documents/program/symmetry_state_photons/new_datas_afterJun18_2/postprocessing/test_outputs/experimental_outputs_actual/data_rhoH/haozhaowu_outputs_GHZ/AdaptivePaulisH_counts_4.txt,/Users/bujiaowu/Documents/program/symmetry_state_photons/new_datas_afterJun18/meas/AdaptivePaulisH_4_160.txt,160,0.18787127258781006,0.33372106190191814,20
H_4_GHZ,GHZ,/Users/bujiaowu/Documents/program/symmetry_state_photons/new_datas_afterJun18_2/Hamiltonian/H_4.txt,/Users/bujiaowu/Documents/program/symmetry_state_photons/new_datas_afterJun18_2/postprocessing/test_outputs/experimental_outputs_actual/data_rhoH/haozhaowu_outputs_GHZ/AdaptivePaulisH_counts_4.txt,/Users/bujiaowu/Documents/program/symmetry_state_photons/new_datas_afterJun18/meas/AdaptivePaulisH_4_572.txt,572,0.18787127258781006,0.15160558221560416,20
H_4_GHZ,GHZ,/Users/bujiaowu/Documents/program/symmetry_state_photons/new_datas_afterJun18_2/Hamiltonian/H_4.txt,/Users/bujiaowu/Documents/program/symmetry_state_photons/new_datas_afterJun18_2/postprocessing/test_outputs/experimental_outputs_actual/data_rhoH/haozhaowu_outputs_GHZ/AdaptivePaulisH_counts_4.txt,/Users/bujiaowu/Documents/program/symmetry_state_photons/new_datas_afterJun18/meas/AdaptivePaulisH_4_2038.txt,2038,0.18787127258781006,0.11725429303503261,20
H_4_GHZ,GHZ,/Users/bujiaowu/Documents/program/symmetry_state_photons/new_datas_afterJun18_2/Hamiltonian/H_4.txt,/Users/bujiaowu/Documents/program/symmetry_state_photons/new_datas_afterJun18_2/postprocessing/test_outputs/experimental_outputs_actual/data_rhoH/haozhaowu_outputs_GHZ/AdaptivePaulisH_counts_4.txt,/Users/bujiaowu/Documents/program/symmetry_state_photons/new_datas_afterJun18/meas/AdaptivePaulisH_4_7259.txt,7259,0.18787127258781006,0.06949317484656717,20
H_4_GHZ,GHZ,/Users/bujiaowu/Documents/program/symmetry_state_photons/new_datas_afterJun18_2/Hamiltonian/H_4.txt,/Users/bujiaowu/Documents/program/symmetry_state_photons/new_datas_afterJun18_2/postprocessing/test_outputs/experimental_outputs_actual/data_rhoH/haozhaowu_outputs_GHZ/AdaptivePaulisH_counts_4.txt,/Users/bujiaowu/Documents/program/symmetry_state_photons/new_datas_afterJun18/meas/AdaptivePaulisH_4_25848.txt,25848,0.18787127258781006,0.0403257544943044,20
H_4_GHZ,GHZ,/Users/bujiaowu/Documents/program/symmetry_state_photons/new_datas_afterJun18_2/Hamiltonian/H_4.txt,/Users/bujiaowu/Documents/program/symmetry_state_photons/new_datas_afterJun18_2/postprocessing/test_outputs/experimental_outputs_actual/data_rhoH/haozhaowu_outputs_GHZ/OGM_H_counts_4.txt,/Users/bujiaowu/Documents/program/symmetry_state_photons/new_datas_afterJun18/postprocessing/test_outputs/fig3_noiseless/generated_meas/OGM_H_4_12.txt,12,0.18787127258781006,1.0858196171059258,20
H_4_GHZ,GHZ,/Users/bujiaowu/Documents/program/symmetry_state_photons/new_datas_afterJun18_2/Hamiltonian/H_4.txt,/Users/bujiaowu/Documents/program/symmetry_state_photons/new_datas_afterJun18_2/postprocessing/test_outputs/experimental_outputs_actual/data_rhoH/haozhaowu_outputs_GHZ/OGM_H_counts_4.txt,/Users/bujiaowu/Documents/program/symmetry_state_photons/new_datas_afterJun18/postprocessing/test_outputs/fig3_noiseless/generated_meas/OGM_H_4_45.txt,45,0.18787127258781006,0.6070609990341636,20
H_4_GHZ,GHZ,/Users/bujiaowu/Documents/program/symmetry_state_photons/new_datas_afterJun18_2/Hamiltonian/H_4.txt,/Users/bujiaowu/Documents/program/symmetry_state_photons/new_datas_afterJun18_2/postprocessing/test_outputs/experimental_outputs_actual/data_rhoH/haozhaowu_outputs_GHZ/OGM_H_counts_4.txt,/Users/bujiaowu/Documents/program/symmetry_state_photons/new_datas_afterJun18/postprocessing/test_outputs/fig3_noiseless/generated_meas/OGM_H_4_160.txt,160,0.18787127258781006,0.33102878392429946,20
H_4_GHZ,GHZ,/Users/bujiaowu/Documents/program/symmetry_state_photons/new_datas_afterJun18_2/Hamiltonian/H_4.txt,/Users/bujiaowu/Documents/program/symmetry_state_photons/new_datas_afterJun18_2/postprocessing/test_outputs/experimental_outputs_actual/data_rhoH/haozhaowu_outputs_GHZ/OGM_H_counts_4.txt,/Users/bujiaowu/Documents/program/symmetry_state_photons/new_datas_afterJun18/postprocessing/test_outputs/fig3_noiseless/generated_meas/OGM_H_4_572.txt,572,0.18787127258781006,0.18469495231809568,20
H_4_GHZ,GHZ,/Users/bujiaowu/Documents/program/symmetry_state_photons/new_datas_afterJun18_2/Hamiltonian/H_4.txt,/Users/bujiaowu/Documents/program/symmetry_state_photons/new_datas_afterJun18_2/postprocessing/test_outputs/experimental_outputs_actual/data_rhoH/haozhaowu_outputs_GHZ/OGM_H_counts_4.txt,/Users/bujiaowu/Documents/program/symmetry_state_photons/new_datas_afterJun18/postprocessing/test_outputs/fig3_noiseless/generated_meas/OGM_H_4_2038.txt,2038,0.18787127258781006,0.09352263077875352,20
H_4_GHZ,GHZ,/Users/bujiaowu/Documents/program/symmetry_state_photons/new_datas_afterJun18_2/Hamiltonian/H_4.txt,/Users/bujiaowu/Documents/program/symmetry_state_photons/new_datas_afterJun18_2/postprocessing/test_outputs/experimental_outputs_actual/data_rhoH/haozhaowu_outputs_GHZ/OGM_H_counts_4.txt,/Users/bujiaowu/Documents/program/symmetry_state_photons/new_datas_afterJun18/postprocessing/test_outputs/fig3_noiseless/generated_meas/OGM_H_4_7259.txt,7259,0.18787127258781006,0.05627247561016115,20
H_4_GHZ,GHZ,/Users/bujiaowu/Documents/program/symmetry_state_photons/new_datas_afterJun18_2/Hamiltonian/H_4.txt,/Users/bujiaowu/Documents/program/symmetry_state_photons/new_datas_afterJun18_2/postprocessing/test_outputs/experimental_outputs_actual/data_rhoH/haozhaowu_outputs_GHZ/OGM_H_counts_4.txt,/Users/bujiaowu/Documents/program/symmetry_state_photons/new_datas_afterJun18/postprocessing/test_outputs/fig3_noiseless/generated_meas/OGM_H_4_25848.txt,25848,0.18787127258781006,0.039857171908736236,20
H_4_W,W,/Users/bujiaowu/Documents/program/symmetry_state_photons/new_datas_afterJun18_2/Hamiltonian/H_4.txt,/Users/bujiaowu/Documents/program/symmetry_state_photons/new_datas_afterJun18_2/postprocessing/test_outputs/experimental_outputs_actual/data_rhoH/haozhaowu_outputs_W/ShadowGroupingH_counts_4.txt,/Users/bujiaowu/Documents/program/symmetry_state_photons/new_datas_afterJun18/meas/ShadowGroupingH_4_12.txt,12,0.057969804592236,0.663408344336644,20
H_4_W,W,/Users/bujiaowu/Documents/program/symmetry_state_photons/new_datas_afterJun18_2/Hamiltonian/H_4.txt,/Users/bujiaowu/Documents/program/symmetry_state_photons/new_datas_afterJun18_2/postprocessing/test_outputs/experimental_outputs_actual/data_rhoH/haozhaowu_outputs_W/ShadowGroupingH_counts_4.txt,/Users/bujiaowu/Documents/program/symmetry_state_photons/new_datas_afterJun18/meas/ShadowGroupingH_4_45.txt,45,0.057969804592236,0.5147651937752437,20
H_4_W,W,/Users/bujiaowu/Documents/program/symmetry_state_photons/new_datas_afterJun18_2/Hamiltonian/H_4.txt,/Users/bujiaowu/Documents/program/symmetry_state_photons/new_datas_afterJun18_2/postprocessing/test_outputs/experimental_outputs_actual/data_rhoH/haozhaowu_outputs_W/ShadowGroupingH_counts_4.txt,/Users/bujiaowu/Documents/program/symmetry_state_photons/new_datas_afterJun18/meas/ShadowGroupingH_4_160.txt,160,0.057969804592236,0.2776336329871221,20
H_4_W,W,/Users/bujiaowu/Documents/program/symmetry_state_photons/new_datas_afterJun18_2/Hamiltonian/H_4.txt,/Users/bujiaowu/Documents/program/symmetry_state_photons/new_datas_afterJun18_2/postprocessing/test_outputs/experimental_outputs_actual/data_rhoH/haozhaowu_outputs_W/ShadowGroupingH_counts_4.txt,/Users/bujiaowu/Documents/program/symmetry_state_photons/new_datas_afterJun18/meas/ShadowGroupingH_4_572.txt,572,0.057969804592236,0.151126859310067,20
H_4_W,W,/Users/bujiaowu/Documents/program/symmetry_state_photons/new_datas_afterJun18_2/Hamiltonian/H_4.txt,/Users/bujiaowu/Documents/program/symmetry_state_photons/new_datas_afterJun18_2/postprocessing/test_outputs/experimental_outputs_actual/data_rhoH/haozhaowu_outputs_W/ShadowGroupingH_counts_4.txt,/Users/bujiaowu/Documents/program/symmetry_state_photons/new_datas_afterJun18/meas/ShadowGroupingH_4_2038.txt,2038,0.057969804592236,0.058333497705228166,20
H_4_W,W,/Users/bujiaowu/Documents/program/symmetry_state_photons/new_datas_afterJun18_2/Hamiltonian/H_4.txt,/Users/bujiaowu/Documents/program/symmetry_state_photons/new_datas_afterJun18_2/postprocessing/test_outputs/experimental_outputs_actual/data_rhoH/haozhaowu_outputs_W/ShadowGroupingH_counts_4.txt,/Users/bujiaowu/Documents/program/symmetry_state_photons/new_datas_afterJun18/meas/ShadowGroupingH_4_7259.txt,7259,0.057969804592236,0.03450027149756286,20
H_4_W,W,/Users/bujiaowu/Documents/program/symmetry_state_photons/new_datas_afterJun18_2/Hamiltonian/H_4.txt,/Users/bujiaowu/Documents/program/symmetry_state_photons/new_datas_afterJun18_2/postprocessing/test_outputs/experimental_outputs_actual/data_rhoH/haozhaowu_outputs_W/ShadowGroupingH_counts_4.txt,/Users/bujiaowu/Documents/program/symmetry_state_photons/new_datas_afterJun18/meas/ShadowGroupingH_4_25848.txt,25848,0.057969804592236,0.02239545638900325,20
H_4_W,W,/Users/bujiaowu/Documents/program/symmetry_state_photons/new_datas_afterJun18_2/Hamiltonian/H_4.txt,/Users/bujiaowu/Documents/program/symmetry_state_photons/new_datas_afterJun18_2/postprocessing/test_outputs/experimental_outputs_actual/data_rhoH/haozhaowu_outputs_W/DerandomizationH_counts_4.txt,/Users/bujiaowu/Documents/program/symmetry_state_photons/new_datas_afterJun18/meas/DerandomizationH_4_12.txt,12,0.057969804592236,1.0962970383571295,20
H_4_W,W,/Users/bujiaowu/Documents/program/symmetry_state_photons/new_datas_afterJun18_2/Hamiltonian/H_4.txt,/Users/bujiaowu/Documents/program/symmetry_state_photons/new_datas_afterJun18_2/postprocessing/test_outputs/experimental_outputs_actual/data_rhoH/haozhaowu_outputs_W/DerandomizationH_counts_4.txt,/Users/bujiaowu/Documents/program/symmetry_state_photons/new_datas_afterJun18/meas/DerandomizationH_4_45.txt,45,0.057969804592236,0.5093951762173219,20
H_4_W,W,/Users/bujiaowu/Documents/program/symmetry_state_photons/new_datas_afterJun18_2/Hamiltonian/H_4.txt,/Users/bujiaowu/Documents/program/symmetry_state_photons/new_datas_afterJun18_2/postprocessing/test_outputs/experimental_outputs_actual/data_rhoH/haozhaowu_outputs_W/DerandomizationH_counts_4.txt,/Users/bujiaowu/Documents/program/symmetry_state_photons/new_datas_afterJun18/meas/DerandomizationH_4_160.txt,160,0.057969804592236,0.25562266830017316,20
H_4_W,W,/Users/bujiaowu/Documents/program/symmetry_state_photons/new_datas_afterJun18_2/Hamiltonian/H_4.txt,/Users/bujiaowu/Documents/program/symmetry_state_photons/new_datas_afterJun18_2/postprocessing/test_outputs/experimental_outputs_actual/data_rhoH/haozhaowu_outputs_W/DerandomizationH_counts_4.txt,/Users/bujiaowu/Documents/program/symmetry_state_photons/new_datas_afterJun18/meas/DerandomizationH_4_572.txt,572,0.057969804592236,0.12797562213324146,20
H_4_W,W,/Users/bujiaowu/Documents/program/symmetry_state_photons/new_datas_afterJun18_2/Hamiltonian/H_4.txt,/Users/bujiaowu/Documents/program/symmetry_state_photons/new_datas_afterJun18_2/postprocessing/test_outputs/experimental_outputs_actual/data_rhoH/haozhaowu_outputs_W/DerandomizationH_counts_4.txt,/Users/bujiaowu/Documents/program/symmetry_state_photons/new_datas_afterJun18/meas/DerandomizationH_4_2038.txt,2038,0.057969804592236,0.07156917056170428,20
H_4_W,W,/Users/bujiaowu/Documents/program/symmetry_state_photons/new_datas_afterJun18_2/Hamiltonian/H_4.txt,/Users/bujiaowu/Documents/program/symmetry_state_photons/new_datas_afterJun18_2/postprocessing/test_outputs/experimental_outputs_actual/data_rhoH/haozhaowu_outputs_W/DerandomizationH_counts_4.txt,/Users/bujiaowu/Documents/program/symmetry_state_photons/new_datas_afterJun18/meas/DerandomizationH_4_7259.txt,7259,0.057969804592236,0.05880422661091613,20
H_4_W,W,/Users/bujiaowu/Documents/program/symmetry_state_photons/new_datas_afterJun18_2/Hamiltonian/H_4.txt,/Users/bujiaowu/Documents/program/symmetry_state_photons/new_datas_afterJun18_2/postprocessing/test_outputs/experimental_outputs_actual/data_rhoH/haozhaowu_outputs_W/DerandomizationH_counts_4.txt,/Users/bujiaowu/Documents/program/symmetry_state_photons/new_datas_afterJun18/meas/DerandomizationH_4_25848.txt,25848,0.057969804592236,0.05880422661091613,20
H_4_W,W,/Users/bujiaowu/Documents/program/symmetry_state_photons/new_datas_afterJun18_2/Hamiltonian/H_4.txt,/Users/bujiaowu/Documents/program/symmetry_state_photons/new_datas_afterJun18_2/postprocessing/test_outputs/experimental_outputs_actual/data_rhoH/haozhaowu_outputs_W/AdaptivePaulisH_counts_4.txt,/Users/bujiaowu/Documents/program/symmetry_state_photons/new_datas_afterJun18/meas/AdaptivePaulisH_4_12.txt,12,0.057969804592236,0.96483354514291,20
H_4_W,W,/Users/bujiaowu/Documents/program/symmetry_state_photons/new_datas_afterJun18_2/Hamiltonian/H_4.txt,/Users/bujiaowu/Documents/program/symmetry_state_photons/new_datas_afterJun18_2/postprocessing/test_outputs/experimental_outputs_actual/data_rhoH/haozhaowu_outputs_W/AdaptivePaulisH_counts_4.txt,/Users/bujiaowu/Documents/program/symmetry_state_photons/new_datas_afterJun18/meas/AdaptivePaulisH_4_45.txt,45,0.057969804592236,0.677335428819306,20
H_4_W,W,/Users/bujiaowu/Documents/program/symmetry_state_photons/new_datas_afterJun18_2/Hamiltonian/H_4.txt,/Users/bujiaowu/Documents/program/symmetry_state_photons/new_datas_afterJun18_2/postprocessing/test_outputs/experimental_outputs_actual/data_rhoH/haozhaowu_outputs_W/AdaptivePaulisH_counts_4.txt,/Users/bujiaowu/Documents/program/symmetry_state_photons/new_datas_afterJun18/meas/AdaptivePaulisH_4_160.txt,160,0.057969804592236,0.2990026440880127,20
H_4_W,W,/Users/bujiaowu/Documents/program/symmetry_state_photons/new_datas_afterJun18_2/Hamiltonian/H_4.txt,/Users/bujiaowu/Documents/program/symmetry_state_photons/new_datas_afterJun18_2/postprocessing/test_outputs/experimental_outputs_actual/data_rhoH/haozhaowu_outputs_W/AdaptivePaulisH_counts_4.txt,/Users/bujiaowu/Documents/program/symmetry_state_photons/new_datas_afterJun18/meas/AdaptivePaulisH_4_572.txt,572,0.057969804592236,0.15963562016777869,20
H_4_W,W,/Users/bujiaowu/Documents/program/symmetry_state_photons/new_datas_afterJun18_2/Hamiltonian/H_4.txt,/Users/bujiaowu/Documents/program/symmetry_state_photons/new_datas_afterJun18_2/postprocessing/test_outputs/experimental_outputs_actual/data_rhoH/haozhaowu_outputs_W/AdaptivePaulisH_counts_4.txt,/Users/bujiaowu/Documents/program/symmetry_state_photons/new_datas_afterJun18/meas/AdaptivePaulisH_4_2038.txt,2038,0.057969804592236,0.07909693508257239,20
H_4_W,W,/Users/bujiaowu/Documents/program/symmetry_state_photons/new_datas_afterJun18_2/Hamiltonian/H_4.txt,/Users/bujiaowu/Documents/program/symmetry_state_photons/new_datas_afterJun18_2/postprocessing/test_outputs/experimental_outputs_actual/data_rhoH/haozhaowu_outputs_W/AdaptivePaulisH_counts_4.txt,/Users/bujiaowu/Documents/program/symmetry_state_photons/new_datas_afterJun18/meas/AdaptivePaulisH_4_7259.txt,7259,0.057969804592236,0.0539342408015086,20
H_4_W,W,/Users/bujiaowu/Documents/program/symmetry_state_photons/new_datas_afterJun18_2/Hamiltonian/H_4.txt,/Users/bujiaowu/Documents/program/symmetry_state_photons/new_datas_afterJun18_2/postprocessing/test_outputs/experimental_outputs_actual/data_rhoH/haozhaowu_outputs_W/AdaptivePaulisH_counts_4.txt,/Users/bujiaowu/Documents/program/symmetry_state_photons/new_datas_afterJun18/meas/AdaptivePaulisH_4_25848.txt,25848,0.057969804592236,0.03126456828173887,20
H_4_W,W,/Users/bujiaowu/Documents/program/symmetry_state_photons/new_datas_afterJun18_2/Hamiltonian/H_4.txt,/Users/bujiaowu/Documents/program/symmetry_state_photons/new_datas_afterJun18_2/postprocessing/test_outputs/experimental_outputs_actual/data_rhoH/haozhaowu_outputs_W/OGM_H_counts_4.txt,/Users/bujiaowu/Documents/program/symmetry_state_photons/new_datas_afterJun18/postprocessing/test_outputs/fig3_noiseless/generated_meas/OGM_H_4_12.txt,12,0.057969804592236,0.8704258097060967,20
H_4_W,W,/Users/bujiaowu/Documents/program/symmetry_state_photons/new_datas_afterJun18_2/Hamiltonian/H_4.txt,/Users/bujiaowu/Documents/program/symmetry_state_photons/new_datas_afterJun18_2/postprocessing/test_outputs/experimental_outputs_actual/data_rhoH/haozhaowu_outputs_W/OGM_H_counts_4.txt,/Users/bujiaowu/Documents/program/symmetry_state_photons/new_datas_afterJun18/postprocessing/test_outputs/fig3_noiseless/generated_meas/OGM_H_4_45.txt,45,0.057969804592236,0.6012477574836779,20
H_4_W,W,/Users/bujiaowu/Documents/program/symmetry_state_photons/new_datas_afterJun18_2/Hamiltonian/H_4.txt,/Users/bujiaowu/Documents/program/symmetry_state_photons/new_datas_afterJun18_2/postprocessing/test_outputs/experimental_outputs_actual/data_rhoH/haozhaowu_outputs_W/OGM_H_counts_4.txt,/Users/bujiaowu/Documents/program/symmetry_state_photons/new_datas_afterJun18/postprocessing/test_outputs/fig3_noiseless/generated_meas/OGM_H_4_160.txt,160,0.057969804592236,0.23107175792988163,20
H_4_W,W,/Users/bujiaowu/Documents/program/symmetry_state_photons/new_datas_afterJun18_2/Hamiltonian/H_4.txt,/Users/bujiaowu/Documents/program/symmetry_state_photons/new_datas_afterJun18_2/postprocessing/test_outputs/experimental_outputs_actual/data_rhoH/haozhaowu_outputs_W/OGM_H_counts_4.txt,/Users/bujiaowu/Documents/program/symmetry_state_photons/new_datas_afterJun18/postprocessing/test_outputs/fig3_noiseless/generated_meas/OGM_H_4_572.txt,572,0.057969804592236,0.1633101899021723,20
H_4_W,W,/Users/bujiaowu/Documents/program/symmetry_state_photons/new_datas_afterJun18_2/Hamiltonian/H_4.txt,/Users/bujiaowu/Documents/program/symmetry_state_photons/new_datas_afterJun18_2/postprocessing/test_outputs/experimental_outputs_actual/data_rhoH/haozhaowu_outputs_W/OGM_H_counts_4.txt,/Users/bujiaowu/Documents/program/symmetry_state_photons/new_datas_afterJun18/postprocessing/test_outputs/fig3_noiseless/generated_meas/OGM_H_4_2038.txt,2038,0.057969804592236,0.06893124601650143,20
H_4_W,W,/Users/bujiaowu/Documents/program/symmetry_state_photons/new_datas_afterJun18_2/Hamiltonian/H_4.txt,/Users/bujiaowu/Documents/program/symmetry_state_photons/new_datas_afterJun18_2/postprocessing/test_outputs/experimental_outputs_actual/data_rhoH/haozhaowu_outputs_W/OGM_H_counts_4.txt,/Users/bujiaowu/Documents/program/symmetry_state_photons/new_datas_afterJun18/postprocessing/test_outputs/fig3_noiseless/generated_meas/OGM_H_4_7259.txt,7259,0.057969804592236,0.04434325953300998,20
H_4_W,W,/Users/bujiaowu/Documents/program/symmetry_state_photons/new_datas_afterJun18_2/Hamiltonian/H_4.txt,/Users/bujiaowu/Documents/program/symmetry_state_photons/new_datas_afterJun18_2/postprocessing/test_outputs/experimental_outputs_actual/data_rhoH/haozhaowu_outputs_W/OGM_H_counts_4.txt,/Users/bujiaowu/Documents/program/symmetry_state_photons/new_datas_afterJun18/postprocessing/test_outputs/fig3_noiseless/generated_meas/OGM_H_4_25848.txt,25848,0.057969804592236,0.030918711272473448,20
rand_H_3_GHZ,GHZ,/Users/bujiaowu/Documents/program/symmetry_state_photons/new_datas_afterJun18_2/preprocessing/rand_H/sym_rand_H_3.txt,/Users/bujiaowu/Documents/program/symmetry_state_photons/new_datas_afterJun18_2/postprocessing/test_outputs/experimental_outputs_actual/data_rhoH/haozhaowu_outputs_GHZ/OGM_sym_rand_H_counts_3.txt,/Users/bujiaowu/Documents/program/symmetry_state_photons/new_datas_afterJun18/postprocessing/test_outputs/fig3_noiseless/generated_meas/OGM_sym_rand_H_3_12.txt,12,0.06424160282861557,0.025139386145439334,20
rand_H_3_GHZ,GHZ,/Users/bujiaowu/Documents/program/symmetry_state_photons/new_datas_afterJun18_2/preprocessing/rand_H/sym_rand_H_3.txt,/Users/bujiaowu/Documents/program/symmetry_state_photons/new_datas_afterJun18_2/postprocessing/test_outputs/experimental_outputs_actual/data_rhoH/haozhaowu_outputs_GHZ/OGM_sym_rand_H_counts_3.txt,/Users/bujiaowu/Documents/program/symmetry_state_photons/new_datas_afterJun18/postprocessing/test_outputs/fig3_noiseless/generated_meas/OGM_sym_rand_H_3_45.txt,45,0.06424160282861557,0.014622070593953538,20
rand_H_3_GHZ,GHZ,/Users/bujiaowu/Documents/program/symmetry_state_photons/new_datas_afterJun18_2/preprocessing/rand_H/sym_rand_H_3.txt,/Users/bujiaowu/Documents/program/symmetry_state_photons/new_datas_afterJun18_2/postprocessing/test_outputs/experimental_outputs_actual/data_rhoH/haozhaowu_outputs_GHZ/OGM_sym_rand_H_counts_3.txt,/Users/bujiaowu/Documents/program/symmetry_state_photons/new_datas_afterJun18/postprocessing/test_outputs/fig3_noiseless/generated_meas/OGM_sym_rand_H_3_160.txt,160,0.06424160282861557,0.008835439837571948,20
rand_H_3_GHZ,GHZ,/Users/bujiaowu/Documents/program/symmetry_state_photons/new_datas_afterJun18_2/preprocessing/rand_H/sym_rand_H_3.txt,/Users/bujiaowu/Documents/program/symmetry_state_photons/new_datas_afterJun18_2/postprocessing/test_outputs/experimental_outputs_actual/data_rhoH/haozhaowu_outputs_GHZ/OGM_sym_rand_H_counts_3.txt,/Users/bujiaowu/Documents/program/symmetry_state_photons/new_datas_afterJun18/postprocessing/test_outputs/fig3_noiseless/generated_meas/OGM_sym_rand_H_3_572.txt,572,0.06424160282861557,0.004879612691524638,20
rand_H_3_GHZ,GHZ,/Users/bujiaowu/Documents/program/symmetry_state_photons/new_datas_afterJun18_2/preprocessing/rand_H/sym_rand_H_3.txt,/Users/bujiaowu/Documents/program/symmetry_state_photons/new_datas_afterJun18_2/postprocessing/test_outputs/experimental_outputs_actual/data_rhoH/haozhaowu_outputs_GHZ/OGM_sym_rand_H_counts_3.txt,/Users/bujiaowu/Documents/program/symmetry_state_photons/new_datas_afterJun18/postprocessing/test_outputs/fig3_noiseless/generated_meas/OGM_sym_rand_H_3_2038.txt,2038,0.06424160282861557,0.0030479484917881354,20
rand_H_3_GHZ,GHZ,/Users/bujiaowu/Documents/program/symmetry_state_photons/new_datas_afterJun18_2/preprocessing/rand_H/sym_rand_H_3.txt,/Users/bujiaowu/Documents/program/symmetry_state_photons/new_datas_afterJun18_2/postprocessing/test_outputs/experimental_outputs_actual/data_rhoH/haozhaowu_outputs_GHZ/OGM_sym_rand_H_counts_3.txt,/Users/bujiaowu/Documents/program/symmetry_state_photons/new_datas_afterJun18/postprocessing/test_outputs/fig3_noiseless/generated_meas/OGM_sym_rand_H_3_7259.txt,7259,0.06424160282861557,0.002534105376123383,20
rand_H_3_GHZ,GHZ,/Users/bujiaowu/Documents/program/symmetry_state_photons/new_datas_afterJun18_2/preprocessing/rand_H/sym_rand_H_3.txt,/Users/bujiaowu/Documents/program/symmetry_state_photons/new_datas_afterJun18_2/postprocessing/test_outputs/experimental_outputs_actual/data_rhoH/haozhaowu_outputs_GHZ/OGM_sym_rand_H_counts_3.txt,/Users/bujiaowu/Documents/program/symmetry_state_photons/new_datas_afterJun18/postprocessing/test_outputs/fig3_noiseless/generated_meas/OGM_sym_rand_H_3_25848.txt,25848,0.06424160282861557,0.0017499578144592402,20
rand_H_3_W,W,/Users/bujiaowu/Documents/program/symmetry_state_photons/new_datas_afterJun18_2/preprocessing/rand_H/sym_rand_H_3.txt,/Users/bujiaowu/Documents/program/symmetry_state_photons/new_datas_afterJun18_2/postprocessing/test_outputs/experimental_outputs_actual/data_rhoH/haozhaowu_outputs_W/OGM_sym_rand_H_counts_3.txt,/Users/bujiaowu/Documents/program/symmetry_state_photons/new_datas_afterJun18/postprocessing/test_outputs/fig3_noiseless/generated_meas/OGM_sym_rand_H_3_12.txt,12,0.02005447700797781,0.027346213212592705,20
rand_H_3_W,W,/Users/bujiaowu/Documents/program/symmetry_state_photons/new_datas_afterJun18_2/preprocessing/rand_H/sym_rand_H_3.txt,/Users/bujiaowu/Documents/program/symmetry_state_photons/new_datas_afterJun18_2/postprocessing/test_outputs/experimental_outputs_actual/data_rhoH/haozhaowu_outputs_W/OGM_sym_rand_H_counts_3.txt,/Users/bujiaowu/Documents/program/symmetry_state_photons/new_datas_afterJun18/postprocessing/test_outputs/fig3_noiseless/generated_meas/OGM_sym_rand_H_3_45.txt,45,0.02005447700797781,0.02272968650590428,20
rand_H_3_W,W,/Users/bujiaowu/Documents/program/symmetry_state_photons/new_datas_afterJun18_2/preprocessing/rand_H/sym_rand_H_3.txt,/Users/bujiaowu/Documents/program/symmetry_state_photons/new_datas_afterJun18_2/postprocessing/test_outputs/experimental_outputs_actual/data_rhoH/haozhaowu_outputs_W/OGM_sym_rand_H_counts_3.txt,/Users/bujiaowu/Documents/program/symmetry_state_photons/new_datas_afterJun18/postprocessing/test_outputs/fig3_noiseless/generated_meas/OGM_sym_rand_H_3_160.txt,160,0.02005447700797781,0.007019852291673606,20
rand_H_3_W,W,/Users/bujiaowu/Documents/program/symmetry_state_photons/new_datas_afterJun18_2/preprocessing/rand_H/sym_rand_H_3.txt,/Users/bujiaowu/Documents/program/symmetry_state_photons/new_datas_afterJun18_2/postprocessing/test_outputs/experimental_outputs_actual/data_rhoH/haozhaowu_outputs_W/OGM_sym_rand_H_counts_3.txt,/Users/bujiaowu/Documents/program/symmetry_state_photons/new_datas_afterJun18/postprocessing/test_outputs/fig3_noiseless/generated_meas/OGM_sym_rand_H_3_572.txt,572,0.02005447700797781,0.004762206374478205,20
rand_H_3_W,W,/Users/bujiaowu/Documents/program/symmetry_state_photons/new_datas_afterJun18_2/preprocessing/rand_H/sym_rand_H_3.txt,/Users/bujiaowu/Documents/program/symmetry_state_photons/new_datas_afterJun18_2/postprocessing/test_outputs/experimental_outputs_actual/data_rhoH/haozhaowu_outputs_W/OGM_sym_rand_H_counts_3.txt,/Users/bujiaowu/Documents/program/symmetry_state_photons/new_datas_afterJun18/postprocessing/test_outputs/fig3_noiseless/generated_meas/OGM_sym_rand_H_3_2038.txt,2038,0.02005447700797781,0.002174025608847442,20
rand_H_3_W,W,/Users/bujiaowu/Documents/program/symmetry_state_photons/new_datas_afterJun18_2/preprocessing/rand_H/sym_rand_H_3.txt,/Users/bujiaowu/Documents/program/symmetry_state_photons/new_datas_afterJun18_2/postprocessing/test_outputs/experimental_outputs_actual/data_rhoH/haozhaowu_outputs_W/OGM_sym_rand_H_counts_3.txt,/Users/bujiaowu/Documents/program/symmetry_state_photons/new_datas_afterJun18/postprocessing/test_outputs/fig3_noiseless/generated_meas/OGM_sym_rand_H_3_7259.txt,7259,0.02005447700797781,0.001161596975140679,20
rand_H_3_W,W,/Users/bujiaowu/Documents/program/symmetry_state_photons/new_datas_afterJun18_2/preprocessing/rand_H/sym_rand_H_3.txt,/Users/bujiaowu/Documents/program/symmetry_state_photons/new_datas_afterJun18_2/postprocessing/test_outputs/experimental_outputs_actual/data_rhoH/haozhaowu_outputs_W/OGM_sym_rand_H_counts_3.txt,/Users/bujiaowu/Documents/program/symmetry_state_photons/new_datas_afterJun18/postprocessing/test_outputs/fig3_noiseless/generated_meas/OGM_sym_rand_H_3_25848.txt,25848,0.02005447700797781,0.0008016570077866532,20
H_4_GHZ,GHZ,/Users/bujiaowu/Documents/program/symmetry_state_photons/new_datas_afterJun18_2/Hamiltonian/sym_H_4.txt,/Users/bujiaowu/Documents/program/symmetry_state_photons/new_datas_afterJun18_2/postprocessing/test_outputs/experimental_outputs_actual/data_rhoH/haozhaowu_outputs_GHZ/OGM_sym_H_counts_4.txt,/Users/bujiaowu/Documents/program/symmetry_state_photons/new_datas_afterJun18/postprocessing/test_outputs/fig3_noiseless/generated_meas/OGM_sym_H_4_12.txt,12,-0.0002760176605207743,0.2748433332429153,20
H_4_GHZ,GHZ,/Users/bujiaowu/Documents/program/symmetry_state_photons/new_datas_afterJun18_2/Hamiltonian/sym_H_4.txt,/Users/bujiaowu/Documents/program/symmetry_state_photons/new_datas_afterJun18_2/postprocessing/test_outputs/experimental_outputs_actual/data_rhoH/haozhaowu_outputs_GHZ/OGM_sym_H_counts_4.txt,/Users/bujiaowu/Documents/program/symmetry_state_photons/new_datas_afterJun18/postprocessing/test_outputs/fig3_noiseless/generated_meas/OGM_sym_H_4_45.txt,45,-0.0002760176605207743,0.1359660328329612,20
H_4_GHZ,GHZ,/Users/bujiaowu/Documents/program/symmetry_state_photons/new_datas_afterJun18_2/Hamiltonian/sym_H_4.txt,/Users/bujiaowu/Documents/program/symmetry_state_photons/new_datas_afterJun18_2/postprocessing/test_outputs/experimental_outputs_actual/data_rhoH/haozhaowu_outputs_GHZ/OGM_sym_H_counts_4.txt,/Users/bujiaowu/Documents/program/symmetry_state_photons/new_datas_afterJun18/postprocessing/test_outputs/fig3_noiseless/generated_meas/OGM_sym_H_4_160.txt,160,-0.0002760176605207743,0.07047459020417335,20
H_4_GHZ,GHZ,/Users/bujiaowu/Documents/program/symmetry_state_photons/new_datas_afterJun18_2/Hamiltonian/sym_H_4.txt,/Users/bujiaowu/Documents/program/symmetry_state_photons/new_datas_afterJun18_2/postprocessing/test_outputs/experimental_outputs_actual/data_rhoH/haozhaowu_outputs_GHZ/OGM_sym_H_counts_4.txt,/Users/bujiaowu/Documents/program/symmetry_state_photons/new_datas_afterJun18/postprocessing/test_outputs/fig3_noiseless/generated_meas/OGM_sym_H_4_572.txt,572,-0.0002760176605207743,0.038253438124862614,20
H_4_GHZ,GHZ,/Users/bujiaowu/Documents/program/symmetry_state_photons/new_datas_afterJun18_2/Hamiltonian/sym_H_4.txt,/Users/bujiaowu/Documents/program/symmetry_state_photons/new_datas_afterJun18_2/postprocessing/test_outputs/experimental_outputs_actual/data_rhoH/haozhaowu_outputs_GHZ/OGM_sym_H_counts_4.txt,/Users/bujiaowu/Documents/program/symmetry_state_photons/new_datas_afterJun18/postprocessing/test_outputs/fig3_noiseless/generated_meas/OGM_sym_H_4_2038.txt,2038,-0.0002760176605207743,0.02323830207292841,20
H_4_GHZ,GHZ,/Users/bujiaowu/Documents/program/symmetry_state_photons/new_datas_afterJun18_2/Hamiltonian/sym_H_4.txt,/Users/bujiaowu/Documents/program/symmetry_state_photons/new_datas_afterJun18_2/postprocessing/test_outputs/experimental_outputs_actual/data_rhoH/haozhaowu_outputs_GHZ/OGM_sym_H_counts_4.txt,/Users/bujiaowu/Documents/program/symmetry_state_photons/new_datas_afterJun18/postprocessing/test_outputs/fig3_noiseless/generated_meas/OGM_sym_H_4_7259.txt,7259,-0.0002760176605207743,0.01124209672396282,20
H_4_GHZ,GHZ,/Users/bujiaowu/Documents/program/symmetry_state_photons/new_datas_afterJun18_2/Hamiltonian/sym_H_4.txt,/Users/bujiaowu/Documents/program/symmetry_state_photons/new_datas_afterJun18_2/postprocessing/test_outputs/experimental_outputs_actual/data_rhoH/haozhaowu_outputs_GHZ/OGM_sym_H_counts_4.txt,/Users/bujiaowu/Documents/program/symmetry_state_photons/new_datas_afterJun18/postprocessing/test_outputs/fig3_noiseless/generated_meas/OGM_sym_H_4_25848.txt,25848,-0.0002760176605207743,0.007394798267272675,20
H_4_W,W,/Users/bujiaowu/Documents/program/symmetry_state_photons/new_datas_afterJun18_2/Hamiltonian/sym_H_4.txt,/Users/bujiaowu/Documents/program/symmetry_state_photons/new_datas_afterJun18_2/postprocessing/test_outputs/experimental_outputs_actual/data_rhoH/haozhaowu_outputs_W/OGM_sym_H_counts_4.txt,/Users/bujiaowu/Documents/program/symmetry_state_photons/new_datas_afterJun18/postprocessing/test_outputs/fig3_noiseless/generated_meas/OGM_sym_H_4_12.txt,12,0.022133083053806762,0.22819194654349553,20
H_4_W,W,/Users/bujiaowu/Documents/program/symmetry_state_photons/new_datas_afterJun18_2/Hamiltonian/sym_H_4.txt,/Users/bujiaowu/Documents/program/symmetry_state_photons/new_datas_afterJun18_2/postprocessing/test_outputs/experimental_outputs_actual/data_rhoH/haozhaowu_outputs_W/OGM_sym_H_counts_4.txt,/Users/bujiaowu/Documents/program/symmetry_state_photons/new_datas_afterJun18/postprocessing/test_outputs/fig3_noiseless/generated_meas/OGM_sym_H_4_45.txt,45,0.022133083053806762,0.11793805445446483,20
H_4_W,W,/Users/bujiaowu/Documents/program/symmetry_state_photons/new_datas_afterJun18_2/Hamiltonian/sym_H_4.txt,/Users/bujiaowu/Documents/program/symmetry_state_photons/new_datas_afterJun18_2/postprocessing/test_outputs/experimental_outputs_actual/data_rhoH/haozhaowu_outputs_W/OGM_sym_H_counts_4.txt,/Users/bujiaowu/Documents/program/symmetry_state_photons/new_datas_afterJun18/postprocessing/test_outputs/fig3_noiseless/generated_meas/OGM_sym_H_4_160.txt,160,0.022133083053806762,0.04975840287560768,20
H_4_W,W,/Users/bujiaowu/Documents/program/symmetry_state_photons/new_datas_afterJun18_2/Hamiltonian/sym_H_4.txt,/Users/bujiaowu/Documents/program/symmetry_state_photons/new_datas_afterJun18_2/postprocessing/test_outputs/experimental_outputs_actual/data_rhoH/haozhaowu_outputs_W/OGM_sym_H_counts_4.txt,/Users/bujiaowu/Documents/program/symmetry_state_photons/new_datas_afterJun18/postprocessing/test_outputs/fig3_noiseless/generated_meas/OGM_sym_H_4_572.txt,572,0.022133083053806762,0.0359837624470219,20
H_4_W,W,/Users/bujiaowu/Documents/program/symmetry_state_photons/new_datas_afterJun18_2/Hamiltonian/sym_H_4.txt,/Users/bujiaowu/Documents/program/symmetry_state_photons/new_datas_afterJun18_2/postprocessing/test_outputs/experimental_outputs_actual/data_rhoH/haozhaowu_outputs_W/OGM_sym_H_counts_4.txt,/Users/bujiaowu/Documents/program/symmetry_state_photons/new_datas_afterJun18/postprocessing/test_outputs/fig3_noiseless/generated_meas/OGM_sym_H_4_2038.txt,2038,0.022133083053806762,0.016930199464089975,20
H_4_W,W,/Users/bujiaowu/Documents/program/symmetry_state_photons/new_datas_afterJun18_2/Hamiltonian/sym_H_4.txt,/Users/bujiaowu/Documents/program/symmetry_state_photons/new_datas_afterJun18_2/postprocessing/test_outputs/experimental_outputs_actual/data_rhoH/haozhaowu_outputs_W/OGM_sym_H_counts_4.txt,/Users/bujiaowu/Documents/program/symmetry_state_photons/new_datas_afterJun18/postprocessing/test_outputs/fig3_noiseless/generated_meas/OGM_sym_H_4_7259.txt,7259,0.022133083053806762,0.009826304144241694,20
H_4_W,W,/Users/bujiaowu/Documents/program/symmetry_state_photons/new_datas_afterJun18_2/Hamiltonian/sym_H_4.txt,/Users/bujiaowu/Documents/program/symmetry_state_photons/new_datas_afterJun18_2/postprocessing/test_outputs/experimental_outputs_actual/data_rhoH/haozhaowu_outputs_W/OGM_sym_H_counts_4.txt,/Users/bujiaowu/Documents/program/symmetry_state_photons/new_datas_afterJun18/postprocessing/test_outputs/fig3_noiseless/generated_meas/OGM_sym_H_4_25848.txt,25848,0.022133083053806762,0.009864765583305644,20
H_swap_3_GHZ,GHZ,/Users/bujiaowu/Documents/program/symmetry_state_photons/new_datas_afterJun18_2/Hamiltonian/H_swap_3.txt,/Users/bujiaowu/Documents/program/symmetry_state_photons/new_datas_afterJun18_2/postprocessing/test_outputs/experimental_outputs_actual/data_rho^2H/haozhaowu_outputs_GHZ/ShadowGroupingH_swap_counts_3.txt,/Users/bujiaowu/Documents/program/symmetry_state_photons/new_datas_afterJun18_2/shadowgrouping-master_revised/meas_GHZ_sg/ShadowGroupingH_swap_3_12.txt,12,0.011521901970373345,0.3833710089332121,20
H_swap_3_GHZ,GHZ,/Users/bujiaowu/Documents/program/symmetry_state_photons/new_datas_afterJun18_2/Hamiltonian/H_swap_3.txt,/Users/bujiaowu/Documents/program/symmetry_state_photons/new_datas_afterJun18_2/postprocessing/test_outputs/experimental_outputs_actual/data_rho^2H/haozhaowu_outputs_GHZ/ShadowGroupingH_swap_counts_3.txt,/Users/bujiaowu/Documents/program/symmetry_state_photons/new_datas_afterJun18_2/shadowgrouping-master_revised/meas_GHZ_sg/ShadowGroupingH_swap_3_45.txt,45,0.011521901970373345,0.683922589077422,20
H_swap_3_GHZ,GHZ,/Users/bujiaowu/Documents/program/symmetry_state_photons/new_datas_afterJun18_2/Hamiltonian/H_swap_3.txt,/Users/bujiaowu/Documents/program/symmetry_state_photons/new_datas_afterJun18_2/postprocessing/test_outputs/experimental_outputs_actual/data_rho^2H/haozhaowu_outputs_GHZ/ShadowGroupingH_swap_counts_3.txt,/Users/bujiaowu/Documents/program/symmetry_state_photons/new_datas_afterJun18_2/shadowgrouping-master_revised/meas_GHZ_sg/ShadowGroupingH_swap_3_160.txt,160,0.011521901970373345,0.37263421035611616,20
H_swap_3_GHZ,GHZ,/Users/bujiaowu/Documents/program/symmetry_state_photons/new_datas_afterJun18_2/Hamiltonian/H_swap_3.txt,/Users/bujiaowu/Documents/program/symmetry_state_photons/new_datas_afterJun18_2/postprocessing/test_outputs/experimental_outputs_actual/data_rho^2H/haozhaowu_outputs_GHZ/ShadowGroupingH_swap_counts_3.txt,/Users/bujiaowu/Documents/program/symmetry_state_photons/new_datas_afterJun18_2/shadowgrouping-master_revised/meas_GHZ_sg/ShadowGroupingH_swap_3_572.txt,572,0.011521901970373345,0.23424227652749527,20
H_swap_3_GHZ,GHZ,/Users/bujiaowu/Documents/program/symmetry_state_photons/new_datas_afterJun18_2/Hamiltonian/H_swap_3.txt,/Users/bujiaowu/Documents/program/symmetry_state_photons/new_datas_afterJun18_2/postprocessing/test_outputs/experimental_outputs_actual/data_rho^2H/haozhaowu_outputs_GHZ/ShadowGroupingH_swap_counts_3.txt,/Users/bujiaowu/Documents/program/symmetry_state_photons/new_datas_afterJun18_2/shadowgrouping-master_revised/meas_GHZ_sg/ShadowGroupingH_swap_3_1000.txt,1000,0.011521901970373345,0.17956547862855993,20
H_swap_3_GHZ,GHZ,/Users/bujiaowu/Documents/program/symmetry_state_photons/new_datas_afterJun18_2/Hamiltonian/H_swap_3.txt,/Users/bujiaowu/Documents/program/symmetry_state_photons/new_datas_afterJun18_2/postprocessing/test_outputs/experimental_outputs_actual/data_rho^2H/haozhaowu_outputs_GHZ/ShadowGroupingH_swap_counts_3.txt,/Users/bujiaowu/Documents/program/symmetry_state_photons/new_datas_afterJun18_2/shadowgrouping-master_revised/meas_GHZ_sg/ShadowGroupingH_swap_3_2038.txt,2038,0.011521901970373345,0.12696458290920698,20
H_swap_3_GHZ,GHZ,/Users/bujiaowu/Documents/program/symmetry_state_photons/new_datas_afterJun18_2/Hamiltonian/H_swap_3.txt,/Users/bujiaowu/Documents/program/symmetry_state_photons/new_datas_afterJun18_2/postprocessing/test_outputs/experimental_outputs_actual/data_rho^2H/haozhaowu_outputs_GHZ/ShadowGroupingH_swap_counts_3.txt,/Users/bujiaowu/Documents/program/symmetry_state_photons/new_datas_afterJun18_2/shadowgrouping-master_revised/meas_GHZ_sg/ShadowGroupingH_swap_3_7259.txt,7259,0.011521901970373345,0.08627688692812885,20
H_swap_3_GHZ,GHZ,/Users/bujiaowu/Documents/program/symmetry_state_photons/new_datas_afterJun18_2/Hamiltonian/H_swap_3.txt,/Users/bujiaowu/Documents/program/symmetry_state_photons/new_datas_afterJun18_2/postprocessing/test_outputs/experimental_outputs_actual/data_rho^2H/haozhaowu_outputs_GHZ/DerandomizationH_swap_counts_3.txt,/Users/bujiaowu/Documents/program/symmetry_state_photons/new_datas_afterJun18_2/shadowgrouping-master_revised/meas_GHZ/DerandomizationH_swap_3_12.txt,12,0.011521901970373345,0.47347216570977757,20
H_swap_3_GHZ,GHZ,/Users/bujiaowu/Documents/program/symmetry_state_photons/new_datas_afterJun18_2/Hamiltonian/H_swap_3.txt,/Users/bujiaowu/Documents/program/symmetry_state_photons/new_datas_afterJun18_2/postprocessing/test_outputs/experimental_outputs_actual/data_rho^2H/haozhaowu_outputs_GHZ/DerandomizationH_swap_counts_3.txt,/Users/bujiaowu/Documents/program/symmetry_state_photons/new_datas_afterJun18_2/shadowgrouping-master_revised/meas_GHZ/DerandomizationH_swap_3_45.txt,45,0.011521901970373345,0.4633635904101433,20
H_swap_3_GHZ,GHZ,/Users/bujiaowu/Documents/program/symmetry_state_photons/new_datas_afterJun18_2/Hamiltonian/H_swap_3.txt,/Users/bujiaowu/Documents/program/symmetry_state_photons/new_datas_afterJun18_2/postprocessing/test_outputs/experimental_outputs_actual/data_rho^2H/haozhaowu_outputs_GHZ/DerandomizationH_swap_counts_3.txt,/Users/bujiaowu/Documents/program/symmetry_state_photons/new_datas_afterJun18_2/shadowgrouping-master_revised/meas_GHZ/DerandomizationH_swap_3_160.txt,160,0.011521901970373345,0.30220647889807856,20
H_swap_3_GHZ,GHZ,/Users/bujiaowu/Documents/program/symmetry_state_photons/new_datas_afterJun18_2/Hamiltonian/H_swap_3.txt,/Users/bujiaowu/Documents/program/symmetry_state_photons/new_datas_afterJun18_2/postprocessing/test_outputs/experimental_outputs_actual/data_rho^2H/haozhaowu_outputs_GHZ/DerandomizationH_swap_counts_3.txt,/Users/bujiaowu/Documents/program/symmetry_state_photons/new_datas_afterJun18_2/shadowgrouping-master_revised/meas_GHZ/DerandomizationH_swap_3_572.txt,572,0.011521901970373345,0.18727578949626877,20
H_swap_3_GHZ,GHZ,/Users/bujiaowu/Documents/program/symmetry_state_photons/new_datas_afterJun18_2/Hamiltonian/H_swap_3.txt,/Users/bujiaowu/Documents/program/symmetry_state_photons/new_datas_afterJun18_2/postprocessing/test_outputs/experimental_outputs_actual/data_rho^2H/haozhaowu_outputs_GHZ/DerandomizationH_swap_counts_3.txt,/Users/bujiaowu/Documents/program/symmetry_state_photons/new_datas_afterJun18_2/shadowgrouping-master_revised/meas_GHZ/DerandomizationH_swap_3_1000.txt,1000,0.011521901970373345,0.14244029901979452,20
H_swap_3_GHZ,GHZ,/Users/bujiaowu/Documents/program/symmetry_state_photons/new_datas_afterJun18_2/Hamiltonian/H_swap_3.txt,/Users/bujiaowu/Documents/program/symmetry_state_photons/new_datas_afterJun18_2/postprocessing/test_outputs/experimental_outputs_actual/data_rho^2H/haozhaowu_outputs_GHZ/DerandomizationH_swap_counts_3.txt,/Users/bujiaowu/Documents/program/symmetry_state_photons/new_datas_afterJun18_2/shadowgrouping-master_revised/meas_GHZ/DerandomizationH_swap_3_2038.txt,2038,0.011521901970373345,0.149736704241232,20
H_swap_3_GHZ,GHZ,/Users/bujiaowu/Documents/program/symmetry_state_photons/new_datas_afterJun18_2/Hamiltonian/H_swap_3.txt,/Users/bujiaowu/Documents/program/symmetry_state_photons/new_datas_afterJun18_2/postprocessing/test_outputs/experimental_outputs_actual/data_rho^2H/haozhaowu_outputs_GHZ/DerandomizationH_swap_counts_3.txt,/Users/bujiaowu/Documents/program/symmetry_state_photons/new_datas_afterJun18_2/shadowgrouping-master_revised/meas_GHZ/DerandomizationH_swap_3_7259.txt,7259,0.011521901970373345,0.08334246523732589,20
H_swap_3_GHZ,GHZ,/Users/bujiaowu/Documents/program/symmetry_state_photons/new_datas_afterJun18_2/Hamiltonian/H_swap_3.txt,/Users/bujiaowu/Documents/program/symmetry_state_photons/new_datas_afterJun18_2/postprocessing/test_outputs/experimental_outputs_actual/data_rho^2H/haozhaowu_outputs_GHZ/OGM_H_swap_counts_3.txt,/Users/bujiaowu/Documents/program/symmetry_state_photons/new_datas_afterJun18_2/shadowgrouping-master_revised/meas_GHZ/OGM_H_swap_3_12.txt,12,0.011521901970373345,0.7385594442307534,20
H_swap_3_GHZ,GHZ,/Users/bujiaowu/Documents/program/symmetry_state_photons/new_datas_afterJun18_2/Hamiltonian/H_swap_3.txt,/Users/bujiaowu/Documents/program/symmetry_state_photons/new_datas_afterJun18_2/postprocessing/test_outputs/experimental_outputs_actual/data_rho^2H/haozhaowu_outputs_GHZ/OGM_H_swap_counts_3.txt,/Users/bujiaowu/Documents/program/symmetry_state_photons/new_datas_afterJun18_2/shadowgrouping-master_revised/meas_GHZ/OGM_H_swap_3_45.txt,45,0.011521901970373345,0.5562802997482702,20
H_swap_3_GHZ,GHZ,/Users/bujiaowu/Documents/program/symmetry_state_photons/new_datas_afterJun18_2/Hamiltonian/H_swap_3.txt,/Users/bujiaowu/Documents/program/symmetry_state_photons/new_datas_afterJun18_2/postprocessing/test_outputs/experimental_outputs_actual/data_rho^2H/haozhaowu_outputs_GHZ/OGM_H_swap_counts_3.txt,/Users/bujiaowu/Documents/program/symmetry_state_photons/new_datas_afterJun18_2/shadowgrouping-master_revised/meas_GHZ/OGM_H_swap_3_160.txt,160,0.011521901970373345,0.305781784342622,20
H_swap_3_GHZ,GHZ,/Users/bujiaowu/Documents/program/symmetry_state_photons/new_datas_afterJun18_2/Hamiltonian/H_swap_3.txt,/Users/bujiaowu/Documents/program/symmetry_state_photons/new_datas_afterJun18_2/postprocessing/test_outputs/experimental_outputs_actual/data_rho^2H/haozhaowu_outputs_GHZ/OGM_H_swap_counts_3.txt,/Users/bujiaowu/Documents/program/symmetry_state_photons/new_datas_afterJun18_2/shadowgrouping-master_revised/meas_GHZ/OGM_H_swap_3_572.txt,572,0.011521901970373345,0.22574181777896182,20
H_swap_3_GHZ,GHZ,/Users/bujiaowu/Documents/program/symmetry_state_photons/new_datas_afterJun18_2/Hamiltonian/H_swap_3.txt,/Users/bujiaowu/Documents/program/symmetry_state_photons/new_datas_afterJun18_2/postprocessing/test_outputs/experimental_outputs_actual/data_rho^2H/haozhaowu_outputs_GHZ/OGM_H_swap_counts_3.txt,/Users/bujiaowu/Documents/program/symmetry_state_photons/new_datas_afterJun18_2/shadowgrouping-master_revised/meas_GHZ/OGM_H_swap_3_1000.txt,1000,0.011521901970373345,0.1695174385891692,20
H_swap_3_GHZ,GHZ,/Users/bujiaowu/Documents/program/symmetry_state_photons/new_datas_afterJun18_2/Hamiltonian/H_swap_3.txt,/Users/bujiaowu/Documents/program/symmetry_state_photons/new_datas_afterJun18_2/postprocessing/test_outputs/experimental_outputs_actual/data_rho^2H/haozhaowu_outputs_GHZ/OGM_H_swap_counts_3.txt,/Users/bujiaowu/Documents/program/symmetry_state_photons/new_datas_afterJun18_2/shadowgrouping-master_revised/meas_GHZ/OGM_H_swap_3_2038.txt,2038,0.011521901970373345,0.14198914956889286,20
H_swap_3_GHZ,GHZ,/Users/bujiaowu/Documents/program/symmetry_state_photons/new_datas_afterJun18_2/Hamiltonian/H_swap_3.txt,/Users/bujiaowu/Documents/program/symmetry_state_photons/new_datas_afterJun18_2/postprocessing/test_outputs/experimental_outputs_actual/data_rho^2H/haozhaowu_outputs_GHZ/OGM_H_swap_counts_3.txt,/Users/bujiaowu/Documents/program/symmetry_state_photons/new_datas_afterJun18_2/shadowgrouping-master_revised/meas_GHZ/OGM_H_swap_3_7259.txt,7259,0.011521901970373345,0.11392632870302721,20
H_swap_3_W,W,/Users/bujiaowu/Documents/program/symmetry_state_photons/new_datas_afterJun18_2/Hamiltonian/H_swap_3.txt,/Users/bujiaowu/Documents/program/symmetry_state_photons/new_datas_afterJun18_2/postprocessing/test_outputs/experimental_outputs_actual/data_rho^2H/haozhaowu_outputs_W/ShadowGroupingH_swap_counts_3.txt,/Users/bujiaowu/Documents/program/symmetry_state_photons/new_datas_afterJun18_2/shadowgrouping-master_revised/meas_W_sg/ShadowGroupingH_swap_3_12.txt,12,0.09730208549209488,0.4466871996810394,20
H_swap_3_W,W,/Users/bujiaowu/Documents/program/symmetry_state_photons/new_datas_afterJun18_2/Hamiltonian/H_swap_3.txt,/Users/bujiaowu/Documents/program/symmetry_state_photons/new_datas_afterJun18_2/postprocessing/test_outputs/experimental_outputs_actual/data_rho^2H/haozhaowu_outputs_W/ShadowGroupingH_swap_counts_3.txt,/Users/bujiaowu/Documents/program/symmetry_state_photons/new_datas_afterJun18_2/shadowgrouping-master_revised/meas_W_sg/ShadowGroupingH_swap_3_45.txt,45,0.09730208549209488,0.9390673348480703,20
H_swap_3_W,W,/Users/bujiaowu/Documents/program/symmetry_state_photons/new_datas_afterJun18_2/Hamiltonian/H_swap_3.txt,/Users/bujiaowu/Documents/program/symmetry_state_photons/new_datas_afterJun18_2/postprocessing/test_outputs/experimental_outputs_actual/data_rho^2H/haozhaowu_outputs_W/ShadowGroupingH_swap_counts_3.txt,/Users/bujiaowu/Documents/program/symmetry_state_photons/new_datas_afterJun18_2/shadowgrouping-master_revised/meas_W_sg/ShadowGroupingH_swap_3_160.txt,160,0.09730208549209488,0.5519181434740117,20
H_swap_3_W,W,/Users/bujiaowu/Documents/program/symmetry_state_photons/new_datas_afterJun18_2/Hamiltonian/H_swap_3.txt,/Users/bujiaowu/Documents/program/symmetry_state_photons/new_datas_afterJun18_2/postprocessing/test_outputs/experimental_outputs_actual/data_rho^2H/haozhaowu_outputs_W/ShadowGroupingH_swap_counts_3.txt,/Users/bujiaowu/Documents/program/symmetry_state_photons/new_datas_afterJun18_2/shadowgrouping-master_revised/meas_W_sg/ShadowGroupingH_swap_3_572.txt,572,0.09730208549209488,0.2637616791889918,20
H_swap_3_W,W,/Users/bujiaowu/Documents/program/symmetry_state_photons/new_datas_afterJun18_2/Hamiltonian/H_swap_3.txt,/Users/bujiaowu/Documents/program/symmetry_state_photons/new_datas_afterJun18_2/postprocessing/test_outputs/experimental_outputs_actual/data_rho^2H/haozhaowu_outputs_W/ShadowGroupingH_swap_counts_3.txt,/Users/bujiaowu/Documents/program/symmetry_state_photons/new_datas_afterJun18_2/shadowgrouping-master_revised/meas_W_sg/ShadowGroupingH_swap_3_1000.txt,1000,0.09730208549209488,0.18939391903166333,20
H_swap_3_W,W,/Users/bujiaowu/Documents/program/symmetry_state_photons/new_datas_afterJun18_2/Hamiltonian/H_swap_3.txt,/Users/bujiaowu/Documents/program/symmetry_state_photons/new_datas_afterJun18_2/postprocessing/test_outputs/experimental_outputs_actual/data_rho^2H/haozhaowu_outputs_W/ShadowGroupingH_swap_counts_3.txt,/Users/bujiaowu/Documents/program/symmetry_state_photons/new_datas_afterJun18_2/shadowgrouping-master_revised/meas_W_sg/ShadowGroupingH_swap_3_2038.txt,2038,0.09730208549209488,0.18277912091763743,20
H_swap_3_W,W,/Users/bujiaowu/Documents/program/symmetry_state_photons/new_datas_afterJun18_2/Hamiltonian/H_swap_3.txt,/Users/bujiaowu/Documents/program/symmetry_state_photons/new_datas_afterJun18_2/postprocessing/test_outputs/experimental_outputs_actual/data_rho^2H/haozhaowu_outputs_W/ShadowGroupingH_swap_counts_3.txt,/Users/bujiaowu/Documents/program/symmetry_state_photons/new_datas_afterJun18_2/shadowgrouping-master_revised/meas_W_sg/ShadowGroupingH_swap_3_7259.txt,7259,0.09730208549209488,0.16384600769656124,20
H_swap_3_W,W,/Users/bujiaowu/Documents/program/symmetry_state_photons/new_datas_afterJun18_2/Hamiltonian/H_swap_3.txt,/Users/bujiaowu/Documents/program/symmetry_state_photons/new_datas_afterJun18_2/postprocessing/test_outputs/experimental_outputs_actual/data_rho^2H/haozhaowu_outputs_W/DerandomizationH_swap_counts_3.txt,/Users/bujiaowu/Documents/program/symmetry_state_photons/new_datas_afterJun18_2/shadowgrouping-master_revised/meas_W/DerandomizationH_swap_3_12.txt,12,0.09730208549209488,0.5742671496666537,20
H_swap_3_W,W,/Users/bujiaowu/Documents/program/symmetry_state_photons/new_datas_afterJun18_2/Hamiltonian/H_swap_3.txt,/Users/bujiaowu/Documents/program/symmetry_state_photons/new_datas_afterJun18_2/postprocessing/test_outputs/experimental_outputs_actual/data_rho^2H/haozhaowu_outputs_W/DerandomizationH_swap_counts_3.txt,/Users/bujiaowu/Documents/program/symmetry_state_photons/new_datas_afterJun18_2/shadowgrouping-master_revised/meas_W/DerandomizationH_swap_3_45.txt,45,0.09730208549209488,0.5657965096078085,20
H_swap_3_W,W,/Users/bujiaowu/Documents/program/symmetry_state_photons/new_datas_afterJun18_2/Hamiltonian/H_swap_3.txt,/Users/bujiaowu/Documents/program/symmetry_state_photons/new_datas_afterJun18_2/postprocessing/test_outputs/experimental_outputs_actual/data_rho^2H/haozhaowu_outputs_W/DerandomizationH_swap_counts_3.txt,/Users/bujiaowu/Documents/program/symmetry_state_photons/new_datas_afterJun18_2/shadowgrouping-master_revised/meas_W/DerandomizationH_swap_3_160.txt,160,0.09730208549209488,0.4444785671364334,20
H_swap_3_W,W,/Users/bujiaowu/Documents/program/symmetry_state_photons/new_datas_afterJun18_2/Hamiltonian/H_swap_3.txt,/Users/bujiaowu/Documents/program/symmetry_state_photons/new_datas_afterJun18_2/postprocessing/test_outputs/experimental_outputs_actual/data_rho^2H/haozhaowu_outputs_W/DerandomizationH_swap_counts_3.txt,/Users/bujiaowu/Documents/program/symmetry_state_photons/new_datas_afterJun18_2/shadowgrouping-master_revised/meas_W/DerandomizationH_swap_3_572.txt,572,0.09730208549209488,0.2870727568212257,20
H_swap_3_W,W,/Users/bujiaowu/Documents/program/symmetry_state_photons/new_datas_afterJun18_2/Hamiltonian/H_swap_3.txt,/Users/bujiaowu/Documents/program/symmetry_state_photons/new_datas_afterJun18_2/postprocessing/test_outputs/experimental_outputs_actual/data_rho^2H/haozhaowu_outputs_W/DerandomizationH_swap_counts_3.txt,/Users/bujiaowu/Documents/program/symmetry_state_photons/new_datas_afterJun18_2/shadowgrouping-master_revised/meas_W/DerandomizationH_swap_3_1000.txt,1000,0.09730208549209488,0.14719840381387994,20
H_swap_3_W,W,/Users/bujiaowu/Documents/program/symmetry_state_photons/new_datas_afterJun18_2/Hamiltonian/H_swap_3.txt,/Users/bujiaowu/Documents/program/symmetry_state_photons/new_datas_afterJun18_2/postprocessing/test_outputs/experimental_outputs_actual/data_rho^2H/haozhaowu_outputs_W/DerandomizationH_swap_counts_3.txt,/Users/bujiaowu/Documents/program/symmetry_state_photons/new_datas_afterJun18_2/shadowgrouping-master_revised/meas_W/DerandomizationH_swap_3_2038.txt,2038,0.09730208549209488,0.1630558361222657,20
H_swap_3_W,W,/Users/bujiaowu/Documents/program/symmetry_state_photons/new_datas_afterJun18_2/Hamiltonian/H_swap_3.txt,/Users/bujiaowu/Documents/program/symmetry_state_photons/new_datas_afterJun18_2/postprocessing/test_outputs/experimental_outputs_actual/data_rho^2H/haozhaowu_outputs_W/DerandomizationH_swap_counts_3.txt,/Users/bujiaowu/Documents/program/symmetry_state_photons/new_datas_afterJun18_2/shadowgrouping-master_revised/meas_W/DerandomizationH_swap_3_7259.txt,7259,0.09730208549209488,0.13949434386318205,20
H_swap_3_W,W,/Users/bujiaowu/Documents/program/symmetry_state_photons/new_datas_afterJun18_2/Hamiltonian/H_swap_3.txt,/Users/bujiaowu/Documents/program/symmetry_state_photons/new_datas_afterJun18_2/postprocessing/test_outputs/experimental_outputs_actual/data_rho^2H/haozhaowu_outputs_W/OGM_H_swap_counts_3.txt,/Users/bujiaowu/Documents/program/symmetry_state_photons/new_datas_afterJun18_2/shadowgrouping-master_revised/meas_W/OGM_H_swap_3_12.txt,12,0.09730208549209488,0.6688500502599539,20
H_swap_3_W,W,/Users/bujiaowu/Documents/program/symmetry_state_photons/new_datas_afterJun18_2/Hamiltonian/H_swap_3.txt,/Users/bujiaowu/Documents/program/symmetry_state_photons/new_datas_afterJun18_2/postprocessing/test_outputs/experimental_outputs_actual/data_rho^2H/haozhaowu_outputs_W/OGM_H_swap_counts_3.txt,/Users/bujiaowu/Documents/program/symmetry_state_photons/new_datas_afterJun18_2/shadowgrouping-master_revised/meas_W/OGM_H_swap_3_45.txt,45,0.09730208549209488,0.6594382467598324,20
H_swap_3_W,W,/Users/bujiaowu/Documents/program/symmetry_state_photons/new_datas_afterJun18_2/Hamiltonian/H_swap_3.txt,/Users/bujiaowu/Documents/program/symmetry_state_photons/new_datas_afterJun18_2/postprocessing/test_outputs/experimental_outputs_actual/data_rho^2H/haozhaowu_outputs_W/OGM_H_swap_counts_3.txt,/Users/bujiaowu/Documents/program/symmetry_state_photons/new_datas_afterJun18_2/shadowgrouping-master_revised/meas_W/OGM_H_swap_3_160.txt,160,0.09730208549209488,0.418954444377631,20
H_swap_3_W,W,/Users/bujiaowu/Documents/program/symmetry_state_photons/new_datas_afterJun18_2/Hamiltonian/H_swap_3.txt,/Users/bujiaowu/Documents/program/symmetry_state_photons/new_datas_afterJun18_2/postprocessing/test_outputs/experimental_outputs_actual/data_rho^2H/haozhaowu_outputs_W/OGM_H_swap_counts_3.txt,/Users/bujiaowu/Documents/program/symmetry_state_photons/new_datas_afterJun18_2/shadowgrouping-master_revised/meas_W/OGM_H_swap_3_572.txt,572,0.09730208549209488,0.32147505999241016,20
H_swap_3_W,W,/Users/bujiaowu/Documents/program/symmetry_state_photons/new_datas_afterJun18_2/Hamiltonian/H_swap_3.txt,/Users/bujiaowu/Documents/program/symmetry_state_photons/new_datas_afterJun18_2/postprocessing/test_outputs/experimental_outputs_actual/data_rho^2H/haozhaowu_outputs_W/OGM_H_swap_counts_3.txt,/Users/bujiaowu/Documents/program/symmetry_state_photons/new_datas_afterJun18_2/shadowgrouping-master_revised/meas_W/OGM_H_swap_3_1000.txt,1000,0.09730208549209488,0.20905297252377542,20
H_swap_3_W,W,/Users/bujiaowu/Documents/program/symmetry_state_photons/new_datas_afterJun18_2/Hamiltonian/H_swap_3.txt,/Users/bujiaowu/Documents/program/symmetry_state_photons/new_datas_afterJun18_2/postprocessing/test_outputs/experimental_outputs_actual/data_rho^2H/haozhaowu_outputs_W/OGM_H_swap_counts_3.txt,/Users/bujiaowu/Documents/program/symmetry_state_photons/new_datas_afterJun18_2/shadowgrouping-master_revised/meas_W/OGM_H_swap_3_2038.txt,2038,0.09730208549209488,0.174792522543833,20
H_swap_3_W,W,/Users/bujiaowu/Documents/program/symmetry_state_photons/new_datas_afterJun18_2/Hamiltonian/H_swap_3.txt,/Users/bujiaowu/Documents/program/symmetry_state_photons/new_datas_afterJun18_2/postprocessing/test_outputs/experimental_outputs_actual/data_rho^2H/haozhaowu_outputs_W/OGM_H_swap_counts_3.txt,/Users/bujiaowu/Documents/program/symmetry_state_photons/new_datas_afterJun18_2/shadowgrouping-master_revised/meas_W/OGM_H_swap_3_7259.txt,7259,0.09730208549209488,0.1694395133428969,20
H_swap_3_GHZ,GHZ,/Users/bujiaowu/Documents/program/symmetry_state_photons/new_datas_afterJun18_2/Hamiltonian/sym_H_swap_3.txt,/Users/bujiaowu/Documents/program/symmetry_state_photons/new_datas_afterJun18_2/postprocessing/test_outputs/experimental_outputs_actual/data_rho^2H/haozhaowu_outputs_GHZ/OGM_sym_H_swap_counts_3.txt,/Users/bujiaowu/Documents/program/symmetry_state_photons/new_datas_afterJun18_2/shadowgrouping-master_revised/meas_GHZ/OGM_sym_H_swap_3_12.txt,12,0.017689485548572123,0.5103525765740289,20
H_swap_3_GHZ,GHZ,/Users/bujiaowu/Documents/program/symmetry_state_photons/new_datas_afterJun18_2/Hamiltonian/sym_H_swap_3.txt,/Users/bujiaowu/Documents/program/symmetry_state_photons/new_datas_afterJun18_2/postprocessing/test_outputs/experimental_outputs_actual/data_rho^2H/haozhaowu_outputs_GHZ/OGM_sym_H_swap_counts_3.txt,/Users/bujiaowu/Documents/program/symmetry_state_photons/new_datas_afterJun18_2/shadowgrouping-master_revised/meas_GHZ/OGM_sym_H_swap_3_45.txt,45,0.017689485548572123,0.30199052728099424,20
H_swap_3_GHZ,GHZ,/Users/bujiaowu/Documents/program/symmetry_state_photons/new_datas_afterJun18_2/Hamiltonian/sym_H_swap_3.txt,/Users/bujiaowu/Documents/program/symmetry_state_photons/new_datas_afterJun18_2/postprocessing/test_outputs/experimental_outputs_actual/data_rho^2H/haozhaowu_outputs_GHZ/OGM_sym_H_swap_counts_3.txt,/Users/bujiaowu/Documents/program/symmetry_state_photons/new_datas_afterJun18_2/shadowgrouping-master_revised/meas_GHZ/OGM_sym_H_swap_3_160.txt,160,0.017689485548572123,0.175171684069622,20
H_swap_3_GHZ,GHZ,/Users/bujiaowu/Documents/program/symmetry_state_photons/new_datas_afterJun18_2/Hamiltonian/sym_H_swap_3.txt,/Users/bujiaowu/Documents/program/symmetry_state_photons/new_datas_afterJun18_2/postprocessing/test_outputs/experimental_outputs_actual/data_rho^2H/haozhaowu_outputs_GHZ/OGM_sym_H_swap_counts_3.txt,/Users/bujiaowu/Documents/program/symmetry_state_photons/new_datas_afterJun18_2/shadowgrouping-master_revised/meas_GHZ/OGM_sym_H_swap_3_572.txt,572,0.017689485548572123,0.11675065504231234,20
H_swap_3_GHZ,GHZ,/Users/bujiaowu/Documents/program/symmetry_state_photons/new_datas_afterJun18_2/Hamiltonian/sym_H_swap_3.txt,/Users/bujiaowu/Documents/program/symmetry_state_photons/new_datas_afterJun18_2/postprocessing/test_outputs/experimental_outputs_actual/data_rho^2H/haozhaowu_outputs_GHZ/OGM_sym_H_swap_counts_3.txt,/Users/bujiaowu/Documents/program/symmetry_state_photons/new_datas_afterJun18_2/shadowgrouping-master_revised/meas_GHZ/OGM_sym_H_swap_3_1000.txt,1000,0.017689485548572123,0.08796250754095683,20
H_swap_3_GHZ,GHZ,/Users/bujiaowu/Documents/program/symmetry_state_photons/new_datas_afterJun18_2/Hamiltonian/sym_H_swap_3.txt,/Users/bujiaowu/Documents/program/symmetry_state_photons/new_datas_afterJun18_2/postprocessing/test_outputs/experimental_outputs_actual/data_rho^2H/haozhaowu_outputs_GHZ/OGM_sym_H_swap_counts_3.txt,/Users/bujiaowu/Documents/program/symmetry_state_photons/new_datas_afterJun18_2/shadowgrouping-master_revised/meas_GHZ/OGM_sym_H_swap_3_2038.txt,2038,0.017689485548572123,0.07150337549678909,20
H_swap_3_GHZ,GHZ,/Users/bujiaowu/Documents/program/symmetry_state_photons/new_datas_afterJun18_2/Hamiltonian/sym_H_swap_3.txt,/Users/bujiaowu/Documents/program/symmetry_state_photons/new_datas_afterJun18_2/postprocessing/test_outputs/experimental_outputs_actual/data_rho^2H/haozhaowu_outputs_GHZ/OGM_sym_H_swap_counts_3.txt,/Users/bujiaowu/Documents/program/symmetry_state_photons/new_datas_afterJun18_2/shadowgrouping-master_revised/meas_GHZ/OGM_sym_H_swap_3_7259.txt,7259,0.017689485548572123,0.056873498286063306,20
H_swap_3_W,W,/Users/bujiaowu/Documents/program/symmetry_state_photons/new_datas_afterJun18_2/Hamiltonian/sym_H_swap_3.txt,/Users/bujiaowu/Documents/program/symmetry_state_photons/new_datas_afterJun18_2/postprocessing/test_outputs/experimental_outputs_actual/data_rho^2H/haozhaowu_outputs_W/OGM_sym_H_swap_counts_3.txt,/Users/bujiaowu/Documents/program/symmetry_state_photons/new_datas_afterJun18_2/shadowgrouping-master_revised/meas_W/OGM_sym_H_swap_3_12.txt,12,0.06802514571407985,0.623201811764615,13
H_swap_3_W,W,/Users/bujiaowu/Documents/program/symmetry_state_photons/new_datas_afterJun18_2/Hamiltonian/sym_H_swap_3.txt,/Users/bujiaowu/Documents/program/symmetry_state_photons/new_datas_afterJun18_2/postprocessing/test_outputs/experimental_outputs_actual/data_rho^2H/haozhaowu_outputs_W/OGM_sym_H_swap_counts_3.txt,/Users/bujiaowu/Documents/program/symmetry_state_photons/new_datas_afterJun18_2/shadowgrouping-master_revised/meas_W/OGM_sym_H_swap_3_45.txt,45,0.06802514571407985,0.4072023697759921,20
H_swap_3_W,W,/Users/bujiaowu/Documents/program/symmetry_state_photons/new_datas_afterJun18_2/Hamiltonian/sym_H_swap_3.txt,/Users/bujiaowu/Documents/program/symmetry_state_photons/new_datas_afterJun18_2/postprocessing/test_outputs/experimental_outputs_actual/data_rho^2H/haozhaowu_outputs_W/OGM_sym_H_swap_counts_3.txt,/Users/bujiaowu/Documents/program/symmetry_state_photons/new_datas_afterJun18_2/shadowgrouping-master_revised/meas_W/OGM_sym_H_swap_3_160.txt,160,0.06802514571407985,0.2865687058998166,20
H_swap_3_W,W,/Users/bujiaowu/Documents/program/symmetry_state_photons/new_datas_afterJun18_2/Hamiltonian/sym_H_swap_3.txt,/Users/bujiaowu/Documents/program/symmetry_state_photons/new_datas_afterJun18_2/postprocessing/test_outputs/experimental_outputs_actual/data_rho^2H/haozhaowu_outputs_W/OGM_sym_H_swap_counts_3.txt,/Users/bujiaowu/Documents/program/symmetry_state_photons/new_datas_afterJun18_2/shadowgrouping-master_revised/meas_W/OGM_sym_H_swap_3_572.txt,572,0.06802514571407985,0.1805066121720927,20
H_swap_3_W,W,/Users/bujiaowu/Documents/program/symmetry_state_photons/new_datas_afterJun18_2/Hamiltonian/sym_H_swap_3.txt,/Users/bujiaowu/Documents/program/symmetry_state_photons/new_datas_afterJun18_2/postprocessing/test_outputs/experimental_outputs_actual/data_rho^2H/haozhaowu_outputs_W/OGM_sym_H_swap_counts_3.txt,/Users/bujiaowu/Documents/program/symmetry_state_photons/new_datas_afterJun18_2/shadowgrouping-master_revised/meas_W/OGM_sym_H_swap_3_1000.txt,1000,0.06802514571407985,0.14752956246051427,20
H_swap_3_W,W,/Users/bujiaowu/Documents/program/symmetry_state_photons/new_datas_afterJun18_2/Hamiltonian/sym_H_swap_3.txt,/Users/bujiaowu/Documents/program/symmetry_state_photons/new_datas_afterJun18_2/postprocessing/test_outputs/experimental_outputs_actual/data_rho^2H/haozhaowu_outputs_W/OGM_sym_H_swap_counts_3.txt,/Users/bujiaowu/Documents/program/symmetry_state_photons/new_datas_afterJun18_2/shadowgrouping-master_revised/meas_W/OGM_sym_H_swap_3_2038.txt,2038,0.06802514571407985,0.12453471029917236,20
H_swap_3_W,W,/Users/bujiaowu/Documents/program/symmetry_state_photons/new_datas_afterJun18_2/Hamiltonian/sym_H_swap_3.txt,/Users/bujiaowu/Documents/program/symmetry_state_photons/new_datas_afterJun18_2/postprocessing/test_outputs/experimental_outputs_actual/data_rho^2H/haozhaowu_outputs_W/OGM_sym_H_swap_counts_3.txt,/Users/bujiaowu/Documents/program/symmetry_state_photons/new_datas_afterJun18_2/shadowgrouping-master_revised/meas_W/OGM_sym_H_swap_3_7259.txt,7259,0.06802514571407985,0.1176680828069591,20
